domain,split,threshold,scope,class_id,class_name,precision,recall,f1,true_positives,false_positives,false_negatives,iou_match,nms_iou
synthetic-domain,test,0.10,all,,all,0.951111,0.990741,0.970522,214,11,2,0.50,0.70
synthetic-domain,test,0.10,class,0,scratch,0.939394,1.000000,0.968750,31,2,0,0.50,0.70
synthetic-domain,test,0.10,class,1,dent,0.969697,1.000000,0.984615,32,1,0,0.50,0.70
synthetic-domain,test,0.10,class,2,weld_porosity,0.962963,1.000000,0.981132,26,1,0,0.50,0.70
synthetic-domain,test,0.10,class,3,weld_crack,0.810811,1.000000,0.895522,30,7,0,0.50,0.70
synthetic-domain,test,0.10,class,4,corrosion,1.000000,1.000000,1.000000,30,0,0,0.50,0.70
synthetic-domain,test,0.10,class,5,misaligned_busbar,1.000000,1.000000,1.000000,33,0,0,0.50,0.70
synthetic-domain,test,0.10,class,6,missing_or_loose_component,1.000000,0.941176,0.969697,32,0,2,0.50,0.70
synthetic-domain,test,0.20,all,,all,0.963964,0.990741,0.977169,214,8,2,0.50,0.70
synthetic-domain,test,0.20,class,0,scratch,0.939394,1.000000,0.968750,31,2,0,0.50,0.70
synthetic-domain,test,0.20,class,1,dent,0.969697,1.000000,0.984615,32,1,0,0.50,0.70
synthetic-domain,test,0.20,class,2,weld_porosity,1.000000,1.000000,1.000000,26,0,0,0.50,0.70
synthetic-domain,test,0.20,class,3,weld_crack,0.857143,1.000000,0.923077,30,5,0,0.50,0.70
synthetic-domain,test,0.20,class,4,corrosion,1.000000,1.000000,1.000000,30,0,0,0.50,0.70
synthetic-domain,test,0.20,class,5,misaligned_busbar,1.000000,1.000000,1.000000,33,0,0,0.50,0.70
synthetic-domain,test,0.20,class,6,missing_or_loose_component,1.000000,0.941176,0.969697,32,0,2,0.50,0.70
synthetic-domain,test,0.30,all,,all,0.972477,0.981481,0.976959,212,6,4,0.50,0.70
synthetic-domain,test,0.30,class,0,scratch,0.968750,1.000000,0.984127,31,1,0,0.50,0.70
synthetic-domain,test,0.30,class,1,dent,0.969697,1.000000,0.984615,32,1,0,0.50,0.70
synthetic-domain,test,0.30,class,2,weld_porosity,1.000000,1.000000,1.000000,26,0,0,0.50,0.70
synthetic-domain,test,0.30,class,3,weld_crack,0.882353,1.000000,0.937500,30,4,0,0.50,0.70
synthetic-domain,test,0.30,class,4,corrosion,1.000000,1.000000,1.000000,30,0,0,0.50,0.70
synthetic-domain,test,0.30,class,5,misaligned_busbar,1.000000,1.000000,1.000000,33,0,0,0.50,0.70
synthetic-domain,test,0.30,class,6,missing_or_loose_component,1.000000,0.882353,0.937500,30,0,4,0.50,0.70
synthetic-domain,test,0.40,all,,all,0.976959,0.981481,0.979215,212,5,4,0.50,0.70
synthetic-domain,test,0.40,class,0,scratch,1.000000,1.000000,1.000000,31,0,0,0.50,0.70
synthetic-domain,test,0.40,class,1,dent,0.969697,1.000000,0.984615,32,1,0,0.50,0.70
synthetic-domain,test,0.40,class,2,weld_porosity,1.000000,1.000000,1.000000,26,0,0,0.50,0.70
synthetic-domain,test,0.40,class,3,weld_crack,0.882353,1.000000,0.937500,30,4,0,0.50,0.70
synthetic-domain,test,0.40,class,4,corrosion,1.000000,1.000000,1.000000,30,0,0,0.50,0.70
synthetic-domain,test,0.40,class,5,misaligned_busbar,1.000000,1.000000,1.000000,33,0,0,0.50,0.70
synthetic-domain,test,0.40,class,6,missing_or_loose_component,1.000000,0.882353,0.937500,30,0,4,0.50,0.70
synthetic-domain,test,0.50,all,,all,0.990654,0.981481,0.986047,212,2,4,0.50,0.70
synthetic-domain,test,0.50,class,0,scratch,1.000000,1.000000,1.000000,31,0,0,0.50,0.70
synthetic-domain,test,0.50,class,1,dent,0.969697,1.000000,0.984615,32,1,0,0.50,0.70
synthetic-domain,test,0.50,class,2,weld_porosity,1.000000,1.000000,1.000000,26,0,0,0.50,0.70
synthetic-domain,test,0.50,class,3,weld_crack,0.967742,1.000000,0.983607,30,1,0,0.50,0.70
synthetic-domain,test,0.50,class,4,corrosion,1.000000,1.000000,1.000000,30,0,0,0.50,0.70
synthetic-domain,test,0.50,class,5,misaligned_busbar,1.000000,1.000000,1.000000,33,0,0,0.50,0.70
synthetic-domain,test,0.50,class,6,missing_or_loose_component,1.000000,0.882353,0.937500,30,0,4,0.50,0.70
synthetic-domain,test,0.60,all,,all,0.990610,0.976852,0.983683,211,2,5,0.50,0.70
synthetic-domain,test,0.60,class,0,scratch,1.000000,1.000000,1.000000,31,0,0,0.50,0.70
synthetic-domain,test,0.60,class,1,dent,0.969697,1.000000,0.984615,32,1,0,0.50,0.70
synthetic-domain,test,0.60,class,2,weld_porosity,1.000000,1.000000,1.000000,26,0,0,0.50,0.70
synthetic-domain,test,0.60,class,3,weld_crack,0.966667,0.966667,0.966667,29,1,1,0.50,0.70
synthetic-domain,test,0.60,class,4,corrosion,1.000000,1.000000,1.000000,30,0,0,0.50,0.70
synthetic-domain,test,0.60,class,5,misaligned_busbar,1.000000,1.000000,1.000000,33,0,0,0.50,0.70
synthetic-domain,test,0.60,class,6,missing_or_loose_component,1.000000,0.882353,0.937500,30,0,4,0.50,0.70
synthetic-domain,test,0.70,all,,all,0.995169,0.953704,0.973995,206,1,10,0.50,0.70
synthetic-domain,test,0.70,class,0,scratch,1.000000,1.000000,1.000000,31,0,0,0.50,0.70
synthetic-domain,test,0.70,class,1,dent,0.969697,1.000000,0.984615,32,1,0,0.50,0.70
synthetic-domain,test,0.70,class,2,weld_porosity,1.000000,1.000000,1.000000,26,0,0,0.50,0.70
synthetic-domain,test,0.70,class,3,weld_crack,1.000000,0.800000,0.888889,24,0,6,0.50,0.70
synthetic-domain,test,0.70,class,4,corrosion,1.000000,1.000000,1.000000,30,0,0,0.50,0.70
synthetic-domain,test,0.70,class,5,misaligned_busbar,1.000000,1.000000,1.000000,33,0,0,0.50,0.70
synthetic-domain,test,0.70,class,6,missing_or_loose_component,1.000000,0.882353,0.937500,30,0,4,0.50,0.70
synthetic-domain,test,0.80,all,,all,1.000000,0.782407,0.877922,169,0,47,0.50,0.70
synthetic-domain,test,0.80,class,0,scratch,1.000000,1.000000,1.000000,31,0,0,0.50,0.70
synthetic-domain,test,0.80,class,1,dent,1.000000,1.000000,1.000000,32,0,0,0.50,0.70
synthetic-domain,test,0.80,class,2,weld_porosity,1.000000,0.576923,0.731707,15,0,11,0.50,0.70
synthetic-domain,test,0.80,class,3,weld_crack,1.000000,0.033333,0.064516,1,0,29,0.50,0.70
synthetic-domain,test,0.80,class,4,corrosion,1.000000,1.000000,1.000000,30,0,0,0.50,0.70
synthetic-domain,test,0.80,class,5,misaligned_busbar,1.000000,1.000000,1.000000,33,0,0,0.50,0.70
synthetic-domain,test,0.80,class,6,missing_or_loose_component,1.000000,0.794118,0.885246,27,0,7,0.50,0.70
synthetic-domain,test,0.90,all,,all,1.000000,0.564815,0.721893,122,0,94,0.50,0.70
synthetic-domain,test,0.90,class,0,scratch,1.000000,0.967742,0.983607,30,0,1,0.50,0.70
synthetic-domain,test,0.90,class,1,dent,1.000000,0.968750,0.984127,31,0,1,0.50,0.70
synthetic-domain,test,0.90,class,2,weld_porosity,,0.000000,,0,0,26,0.50,0.70
synthetic-domain,test,0.90,class,3,weld_crack,,0.000000,,0,0,30,0.50,0.70
synthetic-domain,test,0.90,class,4,corrosion,1.000000,0.833333,0.909091,25,0,5,0.50,0.70
synthetic-domain,test,0.90,class,5,misaligned_busbar,1.000000,0.484848,0.653061,16,0,17,0.50,0.70
synthetic-domain,test,0.90,class,6,missing_or_loose_component,1.000000,0.588235,0.740741,20,0,14,0.50,0.70
