filename,seed,split,class_ids,width,height,generator_version,synthetic
images/train/enc_00000.jpg,0,train,6,960,640,shop-inspect-1.0.0,true
images/test/enc_00001.jpg,1,test,6,960,640,shop-inspect-1.0.0,true
images/train/enc_00002.jpg,2,train,"0,2,5",960,640,shop-inspect-1.0.0,true
images/train/enc_00003.jpg,3,train,"1,6",960,640,shop-inspect-1.0.0,true
images/val/enc_00004.jpg,4,val,"1,3,6",960,640,shop-inspect-1.0.0,true
images/test/enc_00005.jpg,5,test,"0,2,3",960,640,shop-inspect-1.0.0,true
images/train/enc_00006.jpg,6,train,"0,3,4",960,640,shop-inspect-1.0.0,true
images/train/enc_00007.jpg,7,train,"3,5",960,640,shop-inspect-1.0.0,true
images/train/enc_00008.jpg,8,train,1,960,640,shop-inspect-1.0.0,true
images/train/enc_00009.jpg,9,train,4,960,640,shop-inspect-1.0.0,true
images/test/enc_00010.jpg,10,test,"1,5,6",960,640,shop-inspect-1.0.0,true
images/train/enc_00011.jpg,11,train,4,960,640,shop-inspect-1.0.0,true
images/train/enc_00012.jpg,12,train,1,960,640,shop-inspect-1.0.0,true
images/val/enc_00013.jpg,13,val,"0,4",960,640,shop-inspect-1.0.0,true
images/train/enc_00014.jpg,14,train,"3,4,6",960,640,shop-inspect-1.0.0,true
images/test/enc_00015.jpg,15,test,"2,4,5",960,640,shop-inspect-1.0.0,true
images/train/enc_00016.jpg,16,train,"1,4",960,640,shop-inspect-1.0.0,true
images/train/enc_00017.jpg,17,train,"3,5",960,640,shop-inspect-1.0.0,true
images/val/enc_00018.jpg,18,val,"1,4,6",960,640,shop-inspect-1.0.0,true
images/train/enc_00019.jpg,19,train,4,960,640,shop-inspect-1.0.0,true
images/train/enc_00020.jpg,20,train,0,960,640,shop-inspect-1.0.0,true
images/train/enc_00021.jpg,21,train,2,960,640,shop-inspect-1.0.0,true
images/train/enc_00022.jpg,22,train,5,960,640,shop-inspect-1.0.0,true
images/val/enc_00023.jpg,23,val,2,960,640,shop-inspect-1.0.0,true
images/train/enc_00024.jpg,24,train,"0,1,2",960,640,shop-inspect-1.0.0,true
images/train/enc_00025.jpg,25,train,3,960,640,shop-inspect-1.0.0,true
images/train/enc_00026.jpg,26,train,"0,2,5",960,640,shop-inspect-1.0.0,true
images/train/enc_00027.jpg,27,train,"2,4,6",960,640,shop-inspect-1.0.0,true
images/train/enc_00028.jpg,28,train,"0,2,3",960,640,shop-inspect-1.0.0,true
images/train/enc_00029.jpg,29,train,5,960,640,shop-inspect-1.0.0,true
images/train/enc_00030.jpg,30,train,"1,3",960,640,shop-inspect-1.0.0,true
images/train/enc_00031.jpg,31,train,0,960,640,shop-inspect-1.0.0,true
images/val/enc_00032.jpg,32,val,5,960,640,shop-inspect-1.0.0,true
images/train/enc_00033.jpg,33,train,"0,1,6",960,640,shop-inspect-1.0.0,true
images/test/enc_00034.jpg,34,test,"0,4",960,640,shop-inspect-1.0.0,true
images/train/enc_00035.jpg,35,train,"1,2",960,640,shop-inspect-1.0.0,true
images/train/enc_00036.jpg,36,train,"0,1,5",960,640,shop-inspect-1.0.0,true
images/train/enc_00037.jpg,37,train,0,960,640,shop-inspect-1.0.0,true
images/train/enc_00038.jpg,38,train,"1,2,5",960,640,shop-inspect-1.0.0,true
images/val/enc_00039.jpg,39,val,"3,4,5",960,640,shop-inspect-1.0.0,true
images/train/enc_00040.jpg,40,train,"2,6",960,640,shop-inspect-1.0.0,true
images/test/enc_00041.jpg,41,test,"3,5",960,640,shop-inspect-1.0.0,true
images/test/enc_00042.jpg,42,test,"2,6",960,640,shop-inspect-1.0.0,true
images/val/enc_00043.jpg,43,val,2,960,640,shop-inspect-1.0.0,true
images/train/enc_00044.jpg,44,train,6,960,640,shop-inspect-1.0.0,true
images/train/enc_00045.jpg,45,train,2,960,640,shop-inspect-1.0.0,true
images/train/enc_00046.jpg,46,train,"3,4,5",960,640,shop-inspect-1.0.0,true
images/train/enc_00047.jpg,47,train,"0,1",960,640,shop-inspect-1.0.0,true
images/train/enc_00048.jpg,48,train,2,960,640,shop-inspect-1.0.0,true
images/test/enc_00049.jpg,49,test,"0,4",960,640,shop-inspect-1.0.0,true
images/train/enc_00050.jpg,50,train,4,960,640,shop-inspect-1.0.0,true
images/train/enc_00051.jpg,51,train,"1,5,6",960,640,shop-inspect-1.0.0,true
images/val/enc_00052.jpg,52,val,"0,1",960,640,shop-inspect-1.0.0,true
images/train/enc_00053.jpg,53,train,1,960,640,shop-inspect-1.0.0,true
images/train/enc_00054.jpg,54,train,5,960,640,shop-inspect-1.0.0,true
images/train/enc_00055.jpg,55,train,"3,4,6",960,640,shop-inspect-1.0.0,true
images/train/enc_00056.jpg,56,train,"1,3,4",960,640,shop-inspect-1.0.0,true
images/test/enc_00057.jpg,57,test,"2,3",960,640,shop-inspect-1.0.0,true
images/train/enc_00058.jpg,58,train,0,960,640,shop-inspect-1.0.0,true
images/train/enc_00059.jpg,59,train,"0,3",960,640,shop-inspect-1.0.0,true
images/train/enc_00060.jpg,60,train,"2,3,6",960,640,shop-inspect-1.0.0,true
images/train/enc_00061.jpg,61,train,3,960,640,shop-inspect-1.0.0,true
images/train/enc_00062.jpg,62,train,3,960,640,shop-inspect-1.0.0,true
images/test/enc_00063.jpg,63,test,5,960,640,shop-inspect-1.0.0,true
images/train/enc_00064.jpg,64,train,6,960,640,shop-inspect-1.0.0,true
images/test/enc_00065.jpg,65,test,"5,6",960,640,shop-inspect-1.0.0,true
images/train/enc_00066.jpg,66,train,"5,6",960,640,shop-inspect-1.0.0,true
images/train/enc_00067.jpg,67,train,0,960,640,shop-inspect-1.0.0,true
images/train/enc_00068.jpg,68,train,"1,3,4",960,640,shop-inspect-1.0.0,true
images/test/enc_00069.jpg,69,test,"0,1,5",960,640,shop-inspect-1.0.0,true
images/train/enc_00070.jpg,70,train,4,960,640,shop-inspect-1.0.0,true
images/train/enc_00071.jpg,71,train,2,960,640,shop-inspect-1.0.0,true
images/train/enc_00072.jpg,72,train,5,960,640,shop-inspect-1.0.0,true
images/train/enc_00073.jpg,73,train,2,960,640,shop-inspect-1.0.0,true
images/train/enc_00074.jpg,74,train,6,960,640,shop-inspect-1.0.0,true
images/train/enc_00075.jpg,75,train,"1,2,4",960,640,shop-inspect-1.0.0,true
images/test/enc_00076.jpg,76,test,1,960,640,shop-inspect-1.0.0,true
images/train/enc_00077.jpg,77,train,4,960,640,shop-inspect-1.0.0,true
images/val/enc_00078.jpg,78,val,2,960,640,shop-inspect-1.0.0,true
images/train/enc_00079.jpg,79,train,"2,5",960,640,shop-inspect-1.0.0,true
images/train/enc_00080.jpg,80,train,"0,2,5",960,640,shop-inspect-1.0.0,true
images/val/enc_00081.jpg,81,val,"1,4,6",960,640,shop-inspect-1.0.0,true
images/train/enc_00082.jpg,82,train,3,960,640,shop-inspect-1.0.0,true
images/train/enc_00083.jpg,83,train,"2,6",960,640,shop-inspect-1.0.0,true
images/train/enc_00084.jpg,84,train,"0,5,6",960,640,shop-inspect-1.0.0,true
images/train/enc_00085.jpg,85,train,"4,5",960,640,shop-inspect-1.0.0,true
images/train/enc_00086.jpg,86,train,"1,3",960,640,shop-inspect-1.0.0,true
images/test/enc_00087.jpg,87,test,1,960,640,shop-inspect-1.0.0,true
images/train/enc_00088.jpg,88,train,0,960,640,shop-inspect-1.0.0,true
images/train/enc_00089.jpg,89,train,5,960,640,shop-inspect-1.0.0,true
images/train/enc_00090.jpg,90,train,3,960,640,shop-inspect-1.0.0,true
images/train/enc_00091.jpg,91,train,5,960,640,shop-inspect-1.0.0,true
images/train/enc_00092.jpg,92,train,"3,4,6",960,640,shop-inspect-1.0.0,true
images/val/enc_00093.jpg,93,val,"3,4",960,640,shop-inspect-1.0.0,true
images/val/enc_00094.jpg,94,val,"0,4,6",960,640,shop-inspect-1.0.0,true
images/val/enc_00095.jpg,95,val,"3,4",960,640,shop-inspect-1.0.0,true
images/train/enc_00096.jpg,96,train,"1,2,3",960,640,shop-inspect-1.0.0,true
images/train/enc_00097.jpg,97,train,"0,4,6",960,640,shop-inspect-1.0.0,true
images/train/enc_00098.jpg,98,train,"1,2,6",960,640,shop-inspect-1.0.0,true
images/train/enc_00099.jpg,99,train,"0,1,6",960,640,shop-inspect-1.0.0,true
images/train/enc_00100.jpg,100,train,3,960,640,shop-inspect-1.0.0,true
images/train/enc_00101.jpg,101,train,"3,5",960,640,shop-inspect-1.0.0,true
images/test/enc_00102.jpg,102,test,"0,6",960,640,shop-inspect-1.0.0,true
images/train/enc_00103.jpg,103,train,"2,5,6",960,640,shop-inspect-1.0.0,true
images/train/enc_00104.jpg,104,train,"0,5",960,640,shop-inspect-1.0.0,true
images/val/enc_00105.jpg,105,val,"0,1",960,640,shop-inspect-1.0.0,true
images/val/enc_00106.jpg,106,val,"0,1,2",960,640,shop-inspect-1.0.0,true
images/train/enc_00107.jpg,107,train,1,960,640,shop-inspect-1.0.0,true
images/train/enc_00108.jpg,108,train,"1,2,3",960,640,shop-inspect-1.0.0,true
images/train/enc_00109.jpg,109,train,"4,5,6",960,640,shop-inspect-1.0.0,true
images/train/enc_00110.jpg,110,train,1,960,640,shop-inspect-1.0.0,true
images/test/enc_00111.jpg,111,test,6,960,640,shop-inspect-1.0.0,true
images/val/enc_00112.jpg,112,val,"2,6",960,640,shop-inspect-1.0.0,true
images/test/enc_00113.jpg,113,test,"2,4",960,640,shop-inspect-1.0.0,true
images/test/enc_00114.jpg,114,test,"3,4,5",960,640,shop-inspect-1.0.0,true
images/train/enc_00115.jpg,115,train,"0,3,5",960,640,shop-inspect-1.0.0,true
images/train/enc_00116.jpg,116,train,"0,4,5",960,640,shop-inspect-1.0.0,true
images/test/enc_00117.jpg,117,test,"1,2,6",960,640,shop-inspect-1.0.0,true
images/train/enc_00118.jpg,118,train,"0,3,6",960,640,shop-inspect-1.0.0,true
images/train/enc_00119.jpg,119,train,4,960,640,shop-inspect-1.0.0,true
images/train/enc_00120.jpg,120,train,"0,3",960,640,shop-inspect-1.0.0,true
images/train/enc_00121.jpg,121,train,2,960,640,shop-inspect-1.0.0,true
images/val/enc_00122.jpg,122,val,"0,2,4",960,640,shop-inspect-1.0.0,true
images/test/enc_00123.jpg,123,test,"0,2,6",960,640,shop-inspect-1.0.0,true
images/train/enc_00124.jpg,124,train,0,960,640,shop-inspect-1.0.0,true
images/train/enc_00125.jpg,125,train,3,960,640,shop-inspect-1.0.0,true
images/train/enc_00126.jpg,126,train,"1,4",960,640,shop-inspect-1.0.0,true
images/train/enc_00127.jpg,127,train,"0,1,6",960,640,shop-inspect-1.0.0,true
images/train/enc_00128.jpg,128,train,"2,5",960,640,shop-inspect-1.0.0,true
images/train/enc_00129.jpg,129,train,"2,4,6",960,640,shop-inspect-1.0.0,true
images/train/enc_00130.jpg,130,train,"4,5,6",960,640,shop-inspect-1.0.0,true
images/train/enc_00131.jpg,131,train,"0,1,3",960,640,shop-inspect-1.0.0,true
images/train/enc_00132.jpg,132,train,"2,3,5",960,640,shop-inspect-1.0.0,true
images/train/enc_00133.jpg,133,train,"1,6",960,640,shop-inspect-1.0.0,true
images/train/enc_00134.jpg,134,train,3,960,640,shop-inspect-1.0.0,true
images/train/enc_00135.jpg,135,train,1,960,640,shop-inspect-1.0.0,true
images/val/enc_00136.jpg,136,val,0,960,640,shop-inspect-1.0.0,true
images/test/enc_00137.jpg,137,test,"3,6",960,640,shop-inspect-1.0.0,true
images/train/enc_00138.jpg,138,train,"4,6",960,640,shop-inspect-1.0.0,true
images/train/enc_00139.jpg,139,train,2,960,640,shop-inspect-1.0.0,true
images/train/enc_00140.jpg,140,train,"0,4,6",960,640,shop-inspect-1.0.0,true
images/test/enc_00141.jpg,141,test,5,960,640,shop-inspect-1.0.0,true
images/train/enc_00142.jpg,142,train,1,960,640,shop-inspect-1.0.0,true
images/train/enc_00143.jpg,143,train,"1,6",960,640,shop-inspect-1.0.0,true
images/train/enc_00144.jpg,144,train,"3,5",960,640,shop-inspect-1.0.0,true
images/train/enc_00145.jpg,145,train,"1,3,6",960,640,shop-inspect-1.0.0,true
images/train/enc_00146.jpg,146,train,"0,2",960,640,shop-inspect-1.0.0,true
images/train/enc_00147.jpg,147,train,5,960,640,shop-inspect-1.0.0,true
images/train/enc_00148.jpg,148,train,"1,4",960,640,shop-inspect-1.0.0,true
images/train/enc_00149.jpg,149,train,"1,4,5",960,640,shop-inspect-1.0.0,true
images/train/enc_00150.jpg,150,train,"2,5",960,640,shop-inspect-1.0.0,true
images/train/enc_00151.jpg,151,train,2,960,640,shop-inspect-1.0.0,true
images/train/enc_00152.jpg,152,train,"1,4,6",960,640,shop-inspect-1.0.0,true
images/train/enc_00153.jpg,153,train,3,960,640,shop-inspect-1.0.0,true
images/train/enc_00154.jpg,154,train,5,960,640,shop-inspect-1.0.0,true
images/train/enc_00155.jpg,155,train,"2,4,5",960,640,shop-inspect-1.0.0,true
images/train/enc_00156.jpg,156,train,5,960,640,shop-inspect-1.0.0,true
images/val/enc_00157.jpg,157,val,6,960,640,shop-inspect-1.0.0,true
images/val/enc_00158.jpg,158,val,4,960,640,shop-inspect-1.0.0,true
images/train/enc_00159.jpg,159,train,"0,3,6",960,640,shop-inspect-1.0.0,true
images/train/enc_00160.jpg,160,train,"0,2,3",960,640,shop-inspect-1.0.0,true
images/val/enc_00161.jpg,161,val,"2,5",960,640,shop-inspect-1.0.0,true
images/train/enc_00162.jpg,162,train,"0,5",960,640,shop-inspect-1.0.0,true
images/train/enc_00163.jpg,163,train,"1,6",960,640,shop-inspect-1.0.0,true
images/train/enc_00164.jpg,164,train,"0,2,6",960,640,shop-inspect-1.0.0,true
images/train/enc_00165.jpg,165,train,1,960,640,shop-inspect-1.0.0,true
images/train/enc_00166.jpg,166,train,3,960,640,shop-inspect-1.0.0,true
images/test/enc_00167.jpg,167,test,"1,5",960,640,shop-inspect-1.0.0,true
images/train/enc_00168.jpg,168,train,1,960,640,shop-inspect-1.0.0,true
images/train/enc_00169.jpg,169,train,"2,3,4",960,640,shop-inspect-1.0.0,true
images/test/enc_00170.jpg,170,test,5,960,640,shop-inspect-1.0.0,true
images/train/enc_00171.jpg,171,train,"0,2,3",960,640,shop-inspect-1.0.0,true
images/train/enc_00172.jpg,172,train,5,960,640,shop-inspect-1.0.0,true
images/train/enc_00173.jpg,173,train,5,960,640,shop-inspect-1.0.0,true
images/train/enc_00174.jpg,174,train,"0,4",960,640,shop-inspect-1.0.0,true
images/val/enc_00175.jpg,175,val,"3,5,6",960,640,shop-inspect-1.0.0,true
images/train/enc_00176.jpg,176,train,"3,5,6",960,640,shop-inspect-1.0.0,true
images/test/enc_00177.jpg,177,test,5,960,640,shop-inspect-1.0.0,true
images/train/enc_00178.jpg,178,train,"0,5,6",960,640,shop-inspect-1.0.0,true
images/train/enc_00179.jpg,179,train,"4,6",960,640,shop-inspect-1.0.0,true
images/train/enc_00180.jpg,180,train,"2,3",960,640,shop-inspect-1.0.0,true
images/train/enc_00181.jpg,181,train,"2,4",960,640,shop-inspect-1.0.0,true
images/test/enc_00182.jpg,182,test,1,960,640,shop-inspect-1.0.0,true
images/train/enc_00183.jpg,183,train,"0,4",960,640,shop-inspect-1.0.0,true
images/train/enc_00184.jpg,184,train,"3,4,5",960,640,shop-inspect-1.0.0,true
images/train/enc_00185.jpg,185,train,4,960,640,shop-inspect-1.0.0,true
images/val/enc_00186.jpg,186,val,"0,2",960,640,shop-inspect-1.0.0,true
images/test/enc_00187.jpg,187,test,"1,3",960,640,shop-inspect-1.0.0,true
images/val/enc_00188.jpg,188,val,3,960,640,shop-inspect-1.0.0,true
images/val/enc_00189.jpg,189,val,"1,2,3",960,640,shop-inspect-1.0.0,true
images/val/enc_00190.jpg,190,val,1,960,640,shop-inspect-1.0.0,true
images/train/enc_00191.jpg,191,train,"3,4,5",960,640,shop-inspect-1.0.0,true
images/train/enc_00192.jpg,192,train,6,960,640,shop-inspect-1.0.0,true
images/train/enc_00193.jpg,193,train,"0,4",960,640,shop-inspect-1.0.0,true
images/train/enc_00194.jpg,194,train,"1,5",960,640,shop-inspect-1.0.0,true
images/test/enc_00195.jpg,195,test,"2,5",960,640,shop-inspect-1.0.0,true
images/train/enc_00196.jpg,196,train,"3,4",960,640,shop-inspect-1.0.0,true
images/train/enc_00197.jpg,197,train,"0,4",960,640,shop-inspect-1.0.0,true
images/train/enc_00198.jpg,198,train,"1,3",960,640,shop-inspect-1.0.0,true
images/train/enc_00199.jpg,199,train,0,960,640,shop-inspect-1.0.0,true
images/train/enc_00200.jpg,200,train,6,960,640,shop-inspect-1.0.0,true
images/train/enc_00201.jpg,201,train,"1,4,6",960,640,shop-inspect-1.0.0,true
images/train/enc_00202.jpg,202,train,0,960,640,shop-inspect-1.0.0,true
images/train/enc_00203.jpg,203,train,4,960,640,shop-inspect-1.0.0,true
images/train/enc_00204.jpg,204,train,"2,4,6",960,640,shop-inspect-1.0.0,true
images/val/enc_00205.jpg,205,val,"1,3",960,640,shop-inspect-1.0.0,true
images/train/enc_00206.jpg,206,train,"3,5",960,640,shop-inspect-1.0.0,true
images/val/enc_00207.jpg,207,val,"0,2",960,640,shop-inspect-1.0.0,true
images/train/enc_00208.jpg,208,train,0,960,640,shop-inspect-1.0.0,true
images/train/enc_00209.jpg,209,train,6,960,640,shop-inspect-1.0.0,true
images/train/enc_00210.jpg,210,train,2,960,640,shop-inspect-1.0.0,true
images/train/enc_00211.jpg,211,train,"1,4,5",960,640,shop-inspect-1.0.0,true
images/test/enc_00212.jpg,212,test,"1,2",960,640,shop-inspect-1.0.0,true
images/train/enc_00213.jpg,213,train,2,960,640,shop-inspect-1.0.0,true
images/val/enc_00214.jpg,214,val,6,960,640,shop-inspect-1.0.0,true
images/val/enc_00215.jpg,215,val,1,960,640,shop-inspect-1.0.0,true
images/val/enc_00216.jpg,216,val,"4,5",960,640,shop-inspect-1.0.0,true
images/train/enc_00217.jpg,217,train,6,960,640,shop-inspect-1.0.0,true
images/train/enc_00218.jpg,218,train,"1,4",960,640,shop-inspect-1.0.0,true
images/train/enc_00219.jpg,219,train,"0,1,5",960,640,shop-inspect-1.0.0,true
images/train/enc_00220.jpg,220,train,"0,1,5",960,640,shop-inspect-1.0.0,true
images/test/enc_00221.jpg,221,test,"1,5,6",960,640,shop-inspect-1.0.0,true
images/train/enc_00222.jpg,222,train,"2,5,6",960,640,shop-inspect-1.0.0,true
images/val/enc_00223.jpg,223,val,6,960,640,shop-inspect-1.0.0,true
images/train/enc_00224.jpg,224,train,"3,5",960,640,shop-inspect-1.0.0,true
images/train/enc_00225.jpg,225,train,"0,3,6",960,640,shop-inspect-1.0.0,true
images/train/enc_00226.jpg,226,train,"1,2,6",960,640,shop-inspect-1.0.0,true
images/val/enc_00227.jpg,227,val,"2,3",960,640,shop-inspect-1.0.0,true
images/train/enc_00228.jpg,228,train,"3,5,6",960,640,shop-inspect-1.0.0,true
images/train/enc_00229.jpg,229,train,"1,2,6",960,640,shop-inspect-1.0.0,true
images/train/enc_00230.jpg,230,train,"3,4",960,640,shop-inspect-1.0.0,true
images/train/enc_00231.jpg,231,train,0,960,640,shop-inspect-1.0.0,true
images/train/enc_00232.jpg,232,train,4,960,640,shop-inspect-1.0.0,true
images/train/enc_00233.jpg,233,train,2,960,640,shop-inspect-1.0.0,true
images/train/enc_00234.jpg,234,train,"0,2,3",960,640,shop-inspect-1.0.0,true
images/train/enc_00235.jpg,235,train,0,960,640,shop-inspect-1.0.0,true
images/train/enc_00236.jpg,236,train,"2,4,6",960,640,shop-inspect-1.0.0,true
images/train/enc_00237.jpg,237,train,"0,1",960,640,shop-inspect-1.0.0,true
images/train/enc_00238.jpg,238,train,"0,4,5",960,640,shop-inspect-1.0.0,true
images/train/enc_00239.jpg,239,train,0,960,640,shop-inspect-1.0.0,true
images/val/enc_00240.jpg,240,val,2,960,640,shop-inspect-1.0.0,true
images/train/enc_00241.jpg,241,train,"1,3",960,640,shop-inspect-1.0.0,true
images/train/enc_00242.jpg,242,train,3,960,640,shop-inspect-1.0.0,true
images/train/enc_00243.jpg,243,train,0,960,640,shop-inspect-1.0.0,true
images/train/enc_00244.jpg,244,train,"0,2,4",960,640,shop-inspect-1.0.0,true
images/train/enc_00245.jpg,245,train,1,960,640,shop-inspect-1.0.0,true
images/train/enc_00246.jpg,246,train,5,960,640,shop-inspect-1.0.0,true
images/train/enc_00247.jpg,247,train,"0,2",960,640,shop-inspect-1.0.0,true
images/train/enc_00248.jpg,248,train,"0,2,4",960,640,shop-inspect-1.0.0,true
images/train/enc_00249.jpg,249,train,"1,2,4",960,640,shop-inspect-1.0.0,true
images/train/enc_00250.jpg,250,train,"3,5",960,640,shop-inspect-1.0.0,true
images/val/enc_00251.jpg,251,val,"3,5",960,640,shop-inspect-1.0.0,true
images/train/enc_00252.jpg,252,train,2,960,640,shop-inspect-1.0.0,true
images/train/enc_00253.jpg,253,train,"0,2,6",960,640,shop-inspect-1.0.0,true
images/train/enc_00254.jpg,254,train,"1,4,5",960,640,shop-inspect-1.0.0,true
images/train/enc_00255.jpg,255,train,"3,4,6",960,640,shop-inspect-1.0.0,true
images/train/enc_00256.jpg,256,train,"0,6",960,640,shop-inspect-1.0.0,true
images/val/enc_00257.jpg,257,val,"0,1,2",960,640,shop-inspect-1.0.0,true
images/train/enc_00258.jpg,258,train,2,960,640,shop-inspect-1.0.0,true
images/train/enc_00259.jpg,259,train,"0,3,5",960,640,shop-inspect-1.0.0,true
images/train/enc_00260.jpg,260,train,5,960,640,shop-inspect-1.0.0,true
images/train/enc_00261.jpg,261,train,"3,4,6",960,640,shop-inspect-1.0.0,true
images/train/enc_00262.jpg,262,train,5,960,640,shop-inspect-1.0.0,true
images/val/enc_00263.jpg,263,val,"4,5",960,640,shop-inspect-1.0.0,true
images/train/enc_00264.jpg,264,train,"1,5",960,640,shop-inspect-1.0.0,true
images/train/enc_00265.jpg,265,train,6,960,640,shop-inspect-1.0.0,true
images/val/enc_00266.jpg,266,val,"2,4",960,640,shop-inspect-1.0.0,true
images/val/enc_00267.jpg,267,val,3,960,640,shop-inspect-1.0.0,true
images/train/enc_00268.jpg,268,train,"1,5,6",960,640,shop-inspect-1.0.0,true
images/train/enc_00269.jpg,269,train,2,960,640,shop-inspect-1.0.0,true
images/val/enc_00270.jpg,270,val,"2,6",960,640,shop-inspect-1.0.0,true
images/train/enc_00271.jpg,271,train,"0,3,4",960,640,shop-inspect-1.0.0,true
images/test/enc_00272.jpg,272,test,"0,4,5",960,640,shop-inspect-1.0.0,true
images/train/enc_00273.jpg,273,train,"4,6",960,640,shop-inspect-1.0.0,true
images/train/enc_00274.jpg,274,train,"1,2",960,640,shop-inspect-1.0.0,true
images/test/enc_00275.jpg,275,test,"3,6",960,640,shop-inspect-1.0.0,true
images/train/enc_00276.jpg,276,train,4,960,640,shop-inspect-1.0.0,true
images/test/enc_00277.jpg,277,test,"1,4,5",960,640,shop-inspect-1.0.0,true
images/train/enc_00278.jpg,278,train,1,960,640,shop-inspect-1.0.0,true
images/test/enc_00279.jpg,279,test,"1,3",960,640,shop-inspect-1.0.0,true
images/train/enc_00280.jpg,280,train,"0,3,5",960,640,shop-inspect-1.0.0,true
images/train/enc_00281.jpg,281,train,"1,5",960,640,shop-inspect-1.0.0,true
images/train/enc_00282.jpg,282,train,6,960,640,shop-inspect-1.0.0,true
images/train/enc_00283.jpg,283,train,"0,1",960,640,shop-inspect-1.0.0,true
images/train/enc_00284.jpg,284,train,"4,5",960,640,shop-inspect-1.0.0,true
images/train/enc_00285.jpg,285,train,"1,3,4",960,640,shop-inspect-1.0.0,true
images/test/enc_00286.jpg,286,test,"0,3,4",960,640,shop-inspect-1.0.0,true
images/test/enc_00287.jpg,287,test,"1,6",960,640,shop-inspect-1.0.0,true
images/train/enc_00288.jpg,288,train,"1,4,5",960,640,shop-inspect-1.0.0,true
images/train/enc_00289.jpg,289,train,"0,2",960,640,shop-inspect-1.0.0,true
images/test/enc_00290.jpg,290,test,"0,3",960,640,shop-inspect-1.0.0,true
images/train/enc_00291.jpg,291,train,"0,2,3",960,640,shop-inspect-1.0.0,true
images/train/enc_00292.jpg,292,train,6,960,640,shop-inspect-1.0.0,true
images/train/enc_00293.jpg,293,train,"1,5,6",960,640,shop-inspect-1.0.0,true
images/train/enc_00294.jpg,294,train,"1,2",960,640,shop-inspect-1.0.0,true
images/train/enc_00295.jpg,295,train,"2,3,6",960,640,shop-inspect-1.0.0,true
images/test/enc_00296.jpg,296,test,3,960,640,shop-inspect-1.0.0,true
images/train/enc_00297.jpg,297,train,"4,5",960,640,shop-inspect-1.0.0,true
images/train/enc_00298.jpg,298,train,4,960,640,shop-inspect-1.0.0,true
images/train/enc_00299.jpg,299,train,4,960,640,shop-inspect-1.0.0,true
images/test/enc_00300.jpg,300,test,6,960,640,shop-inspect-1.0.0,true
images/test/enc_00301.jpg,301,test,"0,1,6",960,640,shop-inspect-1.0.0,true
images/train/enc_00302.jpg,302,train,"1,2,4",960,640,shop-inspect-1.0.0,true
images/test/enc_00303.jpg,303,test,0,960,640,shop-inspect-1.0.0,true
images/train/enc_00304.jpg,304,train,"0,1,4",960,640,shop-inspect-1.0.0,true
images/train/enc_00305.jpg,305,train,3,960,640,shop-inspect-1.0.0,true
images/train/enc_00306.jpg,306,train,"0,2,4",960,640,shop-inspect-1.0.0,true
images/train/enc_00307.jpg,307,train,"0,6",960,640,shop-inspect-1.0.0,true
images/train/enc_00308.jpg,308,train,"1,2,6",960,640,shop-inspect-1.0.0,true
images/train/enc_00309.jpg,309,train,"4,6",960,640,shop-inspect-1.0.0,true
images/train/enc_00310.jpg,310,train,"2,5",960,640,shop-inspect-1.0.0,true
images/val/enc_00311.jpg,311,val,"1,3,5",960,640,shop-inspect-1.0.0,true
images/train/enc_00312.jpg,312,train,"3,4,5",960,640,shop-inspect-1.0.0,true
images/test/enc_00313.jpg,313,test,"0,2,6",960,640,shop-inspect-1.0.0,true
images/test/enc_00314.jpg,314,test,1,960,640,shop-inspect-1.0.0,true
images/train/enc_00315.jpg,315,train,"1,4,5",960,640,shop-inspect-1.0.0,true
images/val/enc_00316.jpg,316,val,6,960,640,shop-inspect-1.0.0,true
images/test/enc_00317.jpg,317,test,"1,2,6",960,640,shop-inspect-1.0.0,true
images/train/enc_00318.jpg,318,train,"0,3,6",960,640,shop-inspect-1.0.0,true
images/train/enc_00319.jpg,319,train,"1,3,4",960,640,shop-inspect-1.0.0,true
images/train/enc_00320.jpg,320,train,6,960,640,shop-inspect-1.0.0,true
images/train/enc_00321.jpg,321,train,6,960,640,shop-inspect-1.0.0,true
images/val/enc_00322.jpg,322,val,"2,3,5",960,640,shop-inspect-1.0.0,true
images/val/enc_00323.jpg,323,val,"2,4",960,640,shop-inspect-1.0.0,true
images/train/enc_00324.jpg,324,train,4,960,640,shop-inspect-1.0.0,true
images/train/enc_00325.jpg,325,train,"0,3,5",960,640,shop-inspect-1.0.0,true
images/train/enc_00326.jpg,326,train,"2,3,6",960,640,shop-inspect-1.0.0,true
images/train/enc_00327.jpg,327,train,"0,2",960,640,shop-inspect-1.0.0,true
images/train/enc_00328.jpg,328,train,"2,4",960,640,shop-inspect-1.0.0,true
images/test/enc_00329.jpg,329,test,0,960,640,shop-inspect-1.0.0,true
images/train/enc_00330.jpg,330,train,3,960,640,shop-inspect-1.0.0,true
images/train/enc_00331.jpg,331,train,"3,4,6",960,640,shop-inspect-1.0.0,true
images/test/enc_00332.jpg,332,test,"0,2",960,640,shop-inspect-1.0.0,true
images/test/enc_00333.jpg,333,test,6,960,640,shop-inspect-1.0.0,true
images/val/enc_00334.jpg,334,val,"2,3,6",960,640,shop-inspect-1.0.0,true
images/val/enc_00335.jpg,335,val,"0,4,5",960,640,shop-inspect-1.0.0,true
images/train/enc_00336.jpg,336,train,"3,4,5",960,640,shop-inspect-1.0.0,true
images/train/enc_00337.jpg,337,train,5,960,640,shop-inspect-1.0.0,true
images/train/enc_00338.jpg,338,train,5,960,640,shop-inspect-1.0.0,true
images/val/enc_00339.jpg,339,val,"0,2,3",960,640,shop-inspect-1.0.0,true
images/train/enc_00340.jpg,340,train,"0,2",960,640,shop-inspect-1.0.0,true
images/val/enc_00341.jpg,341,val,3,960,640,shop-inspect-1.0.0,true
images/val/enc_00342.jpg,342,val,"2,6",960,640,shop-inspect-1.0.0,true
images/train/enc_00343.jpg,343,train,"1,6",960,640,shop-inspect-1.0.0,true
images/train/enc_00344.jpg,344,train,"0,2,3",960,640,shop-inspect-1.0.0,true
images/train/enc_00345.jpg,345,train,"1,3,4",960,640,shop-inspect-1.0.0,true
images/train/enc_00346.jpg,346,train,"0,5",960,640,shop-inspect-1.0.0,true
images/val/enc_00347.jpg,347,val,"5,6",960,640,shop-inspect-1.0.0,true
images/val/enc_00348.jpg,348,val,5,960,640,shop-inspect-1.0.0,true
images/test/enc_00349.jpg,349,test,1,960,640,shop-inspect-1.0.0,true
images/train/enc_00350.jpg,350,train,"0,2,5",960,640,shop-inspect-1.0.0,true
images/train/enc_00351.jpg,351,train,"0,1",960,640,shop-inspect-1.0.0,true
images/train/enc_00352.jpg,352,train,"1,3",960,640,shop-inspect-1.0.0,true
images/train/enc_00353.jpg,353,train,4,960,640,shop-inspect-1.0.0,true
images/train/enc_00354.jpg,354,train,1,960,640,shop-inspect-1.0.0,true
images/train/enc_00355.jpg,355,train,"3,4",960,640,shop-inspect-1.0.0,true
images/train/enc_00356.jpg,356,train,"0,6",960,640,shop-inspect-1.0.0,true
images/train/enc_00357.jpg,357,train,"4,5",960,640,shop-inspect-1.0.0,true
images/train/enc_00358.jpg,358,train,"1,2,6",960,640,shop-inspect-1.0.0,true
images/test/enc_00359.jpg,359,test,"0,3",960,640,shop-inspect-1.0.0,true
images/train/enc_00360.jpg,360,train,"2,3,5",960,640,shop-inspect-1.0.0,true
images/train/enc_00361.jpg,361,train,"0,4",960,640,shop-inspect-1.0.0,true
images/val/enc_00362.jpg,362,val,"1,2,6",960,640,shop-inspect-1.0.0,true
images/train/enc_00363.jpg,363,train,0,960,640,shop-inspect-1.0.0,true
images/val/enc_00364.jpg,364,val,0,960,640,shop-inspect-1.0.0,true
images/train/enc_00365.jpg,365,train,5,960,640,shop-inspect-1.0.0,true
images/test/enc_00366.jpg,366,test,"0,3,4",960,640,shop-inspect-1.0.0,true
images/train/enc_00367.jpg,367,train,"1,6",960,640,shop-inspect-1.0.0,true
images/train/enc_00368.jpg,368,train,1,960,640,shop-inspect-1.0.0,true
images/val/enc_00369.jpg,369,val,"1,4,6",960,640,shop-inspect-1.0.0,true
images/val/enc_00370.jpg,370,val,"2,5,6",960,640,shop-inspect-1.0.0,true
images/train/enc_00371.jpg,371,train,"0,1,5",960,640,shop-inspect-1.0.0,true
images/test/enc_00372.jpg,372,test,"4,5,6",960,640,shop-inspect-1.0.0,true
images/train/enc_00373.jpg,373,train,"0,4,6",960,640,shop-inspect-1.0.0,true
images/train/enc_00374.jpg,374,train,2,960,640,shop-inspect-1.0.0,true
images/test/enc_00375.jpg,375,test,"2,6",960,640,shop-inspect-1.0.0,true
images/val/enc_00376.jpg,376,val,4,960,640,shop-inspect-1.0.0,true
images/train/enc_00377.jpg,377,train,"2,4",960,640,shop-inspect-1.0.0,true
images/train/enc_00378.jpg,378,train,3,960,640,shop-inspect-1.0.0,true
images/train/enc_00379.jpg,379,train,"2,6",960,640,shop-inspect-1.0.0,true
images/train/enc_00380.jpg,380,train,"1,3",960,640,shop-inspect-1.0.0,true
images/train/enc_00381.jpg,381,train,6,960,640,shop-inspect-1.0.0,true
images/train/enc_00382.jpg,382,train,"0,2,3",960,640,shop-inspect-1.0.0,true
images/train/enc_00383.jpg,383,train,0,960,640,shop-inspect-1.0.0,true
images/val/enc_00384.jpg,384,val,"0,1,3",960,640,shop-inspect-1.0.0,true
images/test/enc_00385.jpg,385,test,"3,4",960,640,shop-inspect-1.0.0,true
images/val/enc_00386.jpg,386,val,"2,4",960,640,shop-inspect-1.0.0,true
images/train/enc_00387.jpg,387,train,"3,4,5",960,640,shop-inspect-1.0.0,true
images/train/enc_00388.jpg,388,train,0,960,640,shop-inspect-1.0.0,true
images/val/enc_00389.jpg,389,val,"1,6",960,640,shop-inspect-1.0.0,true
images/train/enc_00390.jpg,390,train,"0,5",960,640,shop-inspect-1.0.0,true
images/train/enc_00391.jpg,391,train,3,960,640,shop-inspect-1.0.0,true
images/val/enc_00392.jpg,392,val,"0,4",960,640,shop-inspect-1.0.0,true
images/train/enc_00393.jpg,393,train,"1,5",960,640,shop-inspect-1.0.0,true
images/train/enc_00394.jpg,394,train,1,960,640,shop-inspect-1.0.0,true
images/train/enc_00395.jpg,395,train,"0,1",960,640,shop-inspect-1.0.0,true
images/val/enc_00396.jpg,396,val,3,960,640,shop-inspect-1.0.0,true
images/val/enc_00397.jpg,397,val,"2,6",960,640,shop-inspect-1.0.0,true
images/train/enc_00398.jpg,398,train,5,960,640,shop-inspect-1.0.0,true
images/train/enc_00399.jpg,399,train,"1,5",960,640,shop-inspect-1.0.0,true
images/train/enc_00400.jpg,400,train,"1,2,3",960,640,shop-inspect-1.0.0,true
images/train/enc_00401.jpg,401,train,5,960,640,shop-inspect-1.0.0,true
images/train/enc_00402.jpg,402,train,4,960,640,shop-inspect-1.0.0,true
images/val/enc_00403.jpg,403,val,"0,1",960,640,shop-inspect-1.0.0,true
images/train/enc_00404.jpg,404,train,"0,2,6",960,640,shop-inspect-1.0.0,true
images/train/enc_00405.jpg,405,train,2,960,640,shop-inspect-1.0.0,true
images/train/enc_00406.jpg,406,train,"3,5,6",960,640,shop-inspect-1.0.0,true
images/val/enc_00407.jpg,407,val,0,960,640,shop-inspect-1.0.0,true
images/train/enc_00408.jpg,408,train,"1,2,4",960,640,shop-inspect-1.0.0,true
images/train/enc_00409.jpg,409,train,1,960,640,shop-inspect-1.0.0,true
images/test/enc_00410.jpg,410,test,5,960,640,shop-inspect-1.0.0,true
images/val/enc_00411.jpg,411,val,"2,4,5",960,640,shop-inspect-1.0.0,true
images/train/enc_00412.jpg,412,train,"4,6",960,640,shop-inspect-1.0.0,true
images/train/enc_00413.jpg,413,train,"3,5",960,640,shop-inspect-1.0.0,true
images/train/enc_00414.jpg,414,train,"1,2,5",960,640,shop-inspect-1.0.0,true
images/train/enc_00415.jpg,415,train,"1,6",960,640,shop-inspect-1.0.0,true
images/val/enc_00416.jpg,416,val,5,960,640,shop-inspect-1.0.0,true
images/train/enc_00417.jpg,417,train,6,960,640,shop-inspect-1.0.0,true
images/val/enc_00418.jpg,418,val,3,960,640,shop-inspect-1.0.0,true
images/train/enc_00419.jpg,419,train,4,960,640,shop-inspect-1.0.0,true
images/train/enc_00420.jpg,420,train,"0,2",960,640,shop-inspect-1.0.0,true
images/train/enc_00421.jpg,421,train,"0,1,4",960,640,shop-inspect-1.0.0,true
images/train/enc_00422.jpg,422,train,1,960,640,shop-inspect-1.0.0,true
images/train/enc_00423.jpg,423,train,2,960,640,shop-inspect-1.0.0,true
images/train/enc_00424.jpg,424,train,"3,4",960,640,shop-inspect-1.0.0,true
images/train/enc_00425.jpg,425,train,"0,2,5",960,640,shop-inspect-1.0.0,true
images/train/enc_00426.jpg,426,train,"1,6",960,640,shop-inspect-1.0.0,true
images/train/enc_00427.jpg,427,train,"2,3,5",960,640,shop-inspect-1.0.0,true
images/train/enc_00428.jpg,428,train,"2,3,6",960,640,shop-inspect-1.0.0,true
images/train/enc_00429.jpg,429,train,4,960,640,shop-inspect-1.0.0,true
images/train/enc_00430.jpg,430,train,4,960,640,shop-inspect-1.0.0,true
images/train/enc_00431.jpg,431,train,3,960,640,shop-inspect-1.0.0,true
images/test/enc_00432.jpg,432,test,"4,6",960,640,shop-inspect-1.0.0,true
images/train/enc_00433.jpg,433,train,"1,2,5",960,640,shop-inspect-1.0.0,true
images/train/enc_00434.jpg,434,train,"1,6",960,640,shop-inspect-1.0.0,true
images/train/enc_00435.jpg,435,train,1,960,640,shop-inspect-1.0.0,true
images/train/enc_00436.jpg,436,train,"3,5",960,640,shop-inspect-1.0.0,true
images/test/enc_00437.jpg,437,test,6,960,640,shop-inspect-1.0.0,true
images/train/enc_00438.jpg,438,train,"3,4",960,640,shop-inspect-1.0.0,true
images/train/enc_00439.jpg,439,train,"0,4,5",960,640,shop-inspect-1.0.0,true
images/val/enc_00440.jpg,440,val,"2,3",960,640,shop-inspect-1.0.0,true
images/train/enc_00441.jpg,441,train,"0,6",960,640,shop-inspect-1.0.0,true
images/test/enc_00442.jpg,442,test,"2,3",960,640,shop-inspect-1.0.0,true
images/train/enc_00443.jpg,443,train,"2,3,4",960,640,shop-inspect-1.0.0,true
images/train/enc_00444.jpg,444,train,"3,6",960,640,shop-inspect-1.0.0,true
images/train/enc_00445.jpg,445,train,3,960,640,shop-inspect-1.0.0,true
images/train/enc_00446.jpg,446,train,2,960,640,shop-inspect-1.0.0,true
images/train/enc_00447.jpg,447,train,"2,5,6",960,640,shop-inspect-1.0.0,true
images/train/enc_00448.jpg,448,train,1,960,640,shop-inspect-1.0.0,true
images/train/enc_00449.jpg,449,train,0,960,640,shop-inspect-1.0.0,true
images/val/enc_00450.jpg,450,val,"1,2,5",960,640,shop-inspect-1.0.0,true
images/test/enc_00451.jpg,451,test,"0,4,5",960,640,shop-inspect-1.0.0,true
images/val/enc_00452.jpg,452,val,6,960,640,shop-inspect-1.0.0,true
images/val/enc_00453.jpg,453,val,"0,3,5",960,640,shop-inspect-1.0.0,true
images/train/enc_00454.jpg,454,train,4,960,640,shop-inspect-1.0.0,true
images/train/enc_00455.jpg,455,train,0,960,640,shop-inspect-1.0.0,true
images/train/enc_00456.jpg,456,train,"2,4,6",960,640,shop-inspect-1.0.0,true
images/train/enc_00457.jpg,457,train,"2,3",960,640,shop-inspect-1.0.0,true
images/val/enc_00458.jpg,458,val,0,960,640,shop-inspect-1.0.0,true
images/train/enc_00459.jpg,459,train,"3,4",960,640,shop-inspect-1.0.0,true
images/train/enc_00460.jpg,460,train,"1,4",960,640,shop-inspect-1.0.0,true
images/train/enc_00461.jpg,461,train,5,960,640,shop-inspect-1.0.0,true
images/train/enc_00462.jpg,462,train,4,960,640,shop-inspect-1.0.0,true
images/train/enc_00463.jpg,463,train,"4,5,6",960,640,shop-inspect-1.0.0,true
images/train/enc_00464.jpg,464,train,"0,3,6",960,640,shop-inspect-1.0.0,true
images/train/enc_00465.jpg,465,train,"0,2",960,640,shop-inspect-1.0.0,true
images/train/enc_00466.jpg,466,train,"3,4",960,640,shop-inspect-1.0.0,true
images/train/enc_00467.jpg,467,train,"0,5",960,640,shop-inspect-1.0.0,true
images/train/enc_00468.jpg,468,train,"0,6",960,640,shop-inspect-1.0.0,true
images/train/enc_00469.jpg,469,train,"2,6",960,640,shop-inspect-1.0.0,true
images/train/enc_00470.jpg,470,train,"3,5",960,640,shop-inspect-1.0.0,true
images/train/enc_00471.jpg,471,train,"0,5,6",960,640,shop-inspect-1.0.0,true
images/train/enc_00472.jpg,472,train,"2,4,6",960,640,shop-inspect-1.0.0,true
images/train/enc_00473.jpg,473,train,0,960,640,shop-inspect-1.0.0,true
images/train/enc_00474.jpg,474,train,1,960,640,shop-inspect-1.0.0,true
images/test/enc_00475.jpg,475,test,"1,6",960,640,shop-inspect-1.0.0,true
images/train/enc_00476.jpg,476,train,1,960,640,shop-inspect-1.0.0,true
images/train/enc_00477.jpg,477,train,6,960,640,shop-inspect-1.0.0,true
images/train/enc_00478.jpg,478,train,3,960,640,shop-inspect-1.0.0,true
images/train/enc_00479.jpg,479,train,0,960,640,shop-inspect-1.0.0,true
images/val/enc_00480.jpg,480,val,4,960,640,shop-inspect-1.0.0,true
images/val/enc_00481.jpg,481,val,"2,5",960,640,shop-inspect-1.0.0,true
images/train/enc_00482.jpg,482,train,"1,4",960,640,shop-inspect-1.0.0,true
images/test/enc_00483.jpg,483,test,"2,5,6",960,640,shop-inspect-1.0.0,true
images/test/enc_00484.jpg,484,test,"0,1",960,640,shop-inspect-1.0.0,true
images/train/enc_00485.jpg,485,train,"0,1,3",960,640,shop-inspect-1.0.0,true
images/train/enc_00486.jpg,486,train,2,960,640,shop-inspect-1.0.0,true
images/val/enc_00487.jpg,487,val,5,960,640,shop-inspect-1.0.0,true
images/train/enc_00488.jpg,488,train,3,960,640,shop-inspect-1.0.0,true
images/train/enc_00489.jpg,489,train,"3,5",960,640,shop-inspect-1.0.0,true
images/test/enc_00490.jpg,490,test,6,960,640,shop-inspect-1.0.0,true
images/test/enc_00491.jpg,491,test,2,960,640,shop-inspect-1.0.0,true
images/val/enc_00492.jpg,492,val,2,960,640,shop-inspect-1.0.0,true
images/train/enc_00493.jpg,493,train,"1,6",960,640,shop-inspect-1.0.0,true
images/train/enc_00494.jpg,494,train,4,960,640,shop-inspect-1.0.0,true
images/train/enc_00495.jpg,495,train,"0,1",960,640,shop-inspect-1.0.0,true
images/val/enc_00496.jpg,496,val,2,960,640,shop-inspect-1.0.0,true
images/train/enc_00497.jpg,497,train,"2,3,4",960,640,shop-inspect-1.0.0,true
images/train/enc_00498.jpg,498,train,1,960,640,shop-inspect-1.0.0,true
images/val/enc_00499.jpg,499,val,"0,1,6",960,640,shop-inspect-1.0.0,true
images/test/enc_00500.jpg,500,test,"0,1,5",960,640,shop-inspect-1.0.0,true
images/train/enc_00501.jpg,501,train,"0,1,4",960,640,shop-inspect-1.0.0,true
images/test/enc_00502.jpg,502,test,"2,4",960,640,shop-inspect-1.0.0,true
images/test/enc_00503.jpg,503,test,"2,3",960,640,shop-inspect-1.0.0,true
images/test/enc_00504.jpg,504,test,"5,6",960,640,shop-inspect-1.0.0,true
images/train/enc_00505.jpg,505,train,0,960,640,shop-inspect-1.0.0,true
images/val/enc_00506.jpg,506,val,1,960,640,shop-inspect-1.0.0,true
images/val/enc_00507.jpg,507,val,"1,4,5",960,640,shop-inspect-1.0.0,true
images/test/enc_00508.jpg,508,test,"4,6",960,640,shop-inspect-1.0.0,true
images/train/enc_00509.jpg,509,train,2,960,640,shop-inspect-1.0.0,true
images/val/enc_00510.jpg,510,val,"2,3,5",960,640,shop-inspect-1.0.0,true
images/train/enc_00511.jpg,511,train,"5,6",960,640,shop-inspect-1.0.0,true
images/train/enc_00512.jpg,512,train,0,960,640,shop-inspect-1.0.0,true
images/train/enc_00513.jpg,513,train,"3,5",960,640,shop-inspect-1.0.0,true
images/train/enc_00514.jpg,514,train,"5,6",960,640,shop-inspect-1.0.0,true
images/train/enc_00515.jpg,515,train,"1,5",960,640,shop-inspect-1.0.0,true
images/train/enc_00516.jpg,516,train,"2,3,4",960,640,shop-inspect-1.0.0,true
images/train/enc_00517.jpg,517,train,"1,3,5",960,640,shop-inspect-1.0.0,true
images/test/enc_00518.jpg,518,test,6,960,640,shop-inspect-1.0.0,true
images/train/enc_00519.jpg,519,train,1,960,640,shop-inspect-1.0.0,true
images/train/enc_00520.jpg,520,train,"0,2",960,640,shop-inspect-1.0.0,true
images/val/enc_00521.jpg,521,val,0,960,640,shop-inspect-1.0.0,true
images/train/enc_00522.jpg,522,train,4,960,640,shop-inspect-1.0.0,true
images/val/enc_00523.jpg,523,val,6,960,640,shop-inspect-1.0.0,true
images/train/enc_00524.jpg,524,train,"1,6",960,640,shop-inspect-1.0.0,true
images/val/enc_00525.jpg,525,val,"0,4",960,640,shop-inspect-1.0.0,true
images/test/enc_00526.jpg,526,test,"1,3,4",960,640,shop-inspect-1.0.0,true
images/train/enc_00527.jpg,527,train,"2,3,6",960,640,shop-inspect-1.0.0,true
images/test/enc_00528.jpg,528,test,"1,3",960,640,shop-inspect-1.0.0,true
images/test/enc_00529.jpg,529,test,"1,4",960,640,shop-inspect-1.0.0,true
images/train/enc_00530.jpg,530,train,0,960,640,shop-inspect-1.0.0,true
images/train/enc_00531.jpg,531,train,3,960,640,shop-inspect-1.0.0,true
images/train/enc_00532.jpg,532,train,"0,2",960,640,shop-inspect-1.0.0,true
images/val/enc_00533.jpg,533,val,"2,6",960,640,shop-inspect-1.0.0,true
images/test/enc_00534.jpg,534,test,"2,5",960,640,shop-inspect-1.0.0,true
images/test/enc_00535.jpg,535,test,"0,1,5",960,640,shop-inspect-1.0.0,true
images/train/enc_00536.jpg,536,train,0,960,640,shop-inspect-1.0.0,true
images/train/enc_00537.jpg,537,train,"0,2",960,640,shop-inspect-1.0.0,true
images/train/enc_00538.jpg,538,train,3,960,640,shop-inspect-1.0.0,true
images/train/enc_00539.jpg,539,train,"0,6",960,640,shop-inspect-1.0.0,true
images/val/enc_00540.jpg,540,val,"3,5",960,640,shop-inspect-1.0.0,true
images/train/enc_00541.jpg,541,train,"3,4",960,640,shop-inspect-1.0.0,true
images/train/enc_00542.jpg,542,train,"0,1,4",960,640,shop-inspect-1.0.0,true
images/test/enc_00543.jpg,543,test,"2,5",960,640,shop-inspect-1.0.0,true
images/train/enc_00544.jpg,544,train,5,960,640,shop-inspect-1.0.0,true
images/train/enc_00545.jpg,545,train,0,960,640,shop-inspect-1.0.0,true
images/train/enc_00546.jpg,546,train,"2,5",960,640,shop-inspect-1.0.0,true
images/test/enc_00547.jpg,547,test,4,960,640,shop-inspect-1.0.0,true
images/test/enc_00548.jpg,548,test,"1,2,3",960,640,shop-inspect-1.0.0,true
images/train/enc_00549.jpg,549,train,6,960,640,shop-inspect-1.0.0,true
images/train/enc_00550.jpg,550,train,0,960,640,shop-inspect-1.0.0,true
images/train/enc_00551.jpg,551,train,"1,4",960,640,shop-inspect-1.0.0,true
images/train/enc_00552.jpg,552,train,"0,2,3",960,640,shop-inspect-1.0.0,true
images/test/enc_00553.jpg,553,test,"1,5",960,640,shop-inspect-1.0.0,true
images/train/enc_00554.jpg,554,train,"5,6",960,640,shop-inspect-1.0.0,true
images/test/enc_00555.jpg,555,test,2,960,640,shop-inspect-1.0.0,true
images/train/enc_00556.jpg,556,train,"2,3",960,640,shop-inspect-1.0.0,true
images/train/enc_00557.jpg,557,train,"0,2,6",960,640,shop-inspect-1.0.0,true
images/val/enc_00558.jpg,558,val,"0,5",960,640,shop-inspect-1.0.0,true
images/train/enc_00559.jpg,559,train,5,960,640,shop-inspect-1.0.0,true
images/train/enc_00560.jpg,560,train,"0,3,4",960,640,shop-inspect-1.0.0,true
images/train/enc_00561.jpg,561,train,"1,5",960,640,shop-inspect-1.0.0,true
images/train/enc_00562.jpg,562,train,"1,4,6",960,640,shop-inspect-1.0.0,true
images/train/enc_00563.jpg,563,train,6,960,640,shop-inspect-1.0.0,true
images/val/enc_00564.jpg,564,val,"3,4",960,640,shop-inspect-1.0.0,true
images/train/enc_00565.jpg,565,train,"1,2",960,640,shop-inspect-1.0.0,true
images/train/enc_00566.jpg,566,train,"1,5",960,640,shop-inspect-1.0.0,true
images/train/enc_00567.jpg,567,train,"2,6",960,640,shop-inspect-1.0.0,true
images/train/enc_00568.jpg,568,train,"3,4",960,640,shop-inspect-1.0.0,true
images/val/enc_00569.jpg,569,val,"2,4",960,640,shop-inspect-1.0.0,true
images/train/enc_00570.jpg,570,train,5,960,640,shop-inspect-1.0.0,true
images/train/enc_00571.jpg,571,train,2,960,640,shop-inspect-1.0.0,true
images/train/enc_00572.jpg,572,train,6,960,640,shop-inspect-1.0.0,true
images/train/enc_00573.jpg,573,train,"3,4,6",960,640,shop-inspect-1.0.0,true
images/train/enc_00574.jpg,574,train,"5,6",960,640,shop-inspect-1.0.0,true
images/train/enc_00575.jpg,575,train,5,960,640,shop-inspect-1.0.0,true
images/train/enc_00576.jpg,576,train,"0,3,6",960,640,shop-inspect-1.0.0,true
images/train/enc_00577.jpg,577,train,"1,4,6",960,640,shop-inspect-1.0.0,true
images/train/enc_00578.jpg,578,train,"0,1",960,640,shop-inspect-1.0.0,true
images/train/enc_00579.jpg,579,train,"2,6",960,640,shop-inspect-1.0.0,true
images/val/enc_00580.jpg,580,val,"0,1,4",960,640,shop-inspect-1.0.0,true
images/train/enc_00581.jpg,581,train,"1,4",960,640,shop-inspect-1.0.0,true
images/val/enc_00582.jpg,582,val,6,960,640,shop-inspect-1.0.0,true
images/test/enc_00583.jpg,583,test,"0,3,6",960,640,shop-inspect-1.0.0,true
images/train/enc_00584.jpg,584,train,4,960,640,shop-inspect-1.0.0,true
images/train/enc_00585.jpg,585,train,"3,5,6",960,640,shop-inspect-1.0.0,true
images/test/enc_00586.jpg,586,test,"3,4",960,640,shop-inspect-1.0.0,true
images/train/enc_00587.jpg,587,train,1,960,640,shop-inspect-1.0.0,true
images/train/enc_00588.jpg,588,train,"1,2,4",960,640,shop-inspect-1.0.0,true
images/val/enc_00589.jpg,589,val,"1,4,5",960,640,shop-inspect-1.0.0,true
images/test/enc_00590.jpg,590,test,"1,4,6",960,640,shop-inspect-1.0.0,true
images/train/enc_00591.jpg,591,train,"1,2,5",960,640,shop-inspect-1.0.0,true
images/train/enc_00592.jpg,592,train,"2,3",960,640,shop-inspect-1.0.0,true
images/train/enc_00593.jpg,593,train,"0,2,3",960,640,shop-inspect-1.0.0,true
images/train/enc_00594.jpg,594,train,5,960,640,shop-inspect-1.0.0,true
images/train/enc_00595.jpg,595,train,"0,2",960,640,shop-inspect-1.0.0,true
images/train/enc_00596.jpg,596,train,"1,2,3",960,640,shop-inspect-1.0.0,true
images/test/enc_00597.jpg,597,test,4,960,640,shop-inspect-1.0.0,true
images/train/enc_00598.jpg,598,train,5,960,640,shop-inspect-1.0.0,true
images/test/enc_00599.jpg,599,test,"3,4,6",960,640,shop-inspect-1.0.0,true
images/val/enc_00600.jpg,600,val,"3,6",960,640,shop-inspect-1.0.0,true
images/train/enc_00601.jpg,601,train,"0,3",960,640,shop-inspect-1.0.0,true
images/test/enc_00602.jpg,602,test,"4,5",960,640,shop-inspect-1.0.0,true
images/train/enc_00603.jpg,603,train,"3,5,6",960,640,shop-inspect-1.0.0,true
images/train/enc_00604.jpg,604,train,"1,6",960,640,shop-inspect-1.0.0,true
images/val/enc_00605.jpg,605,val,4,960,640,shop-inspect-1.0.0,true
images/train/enc_00606.jpg,606,train,"0,2,5",960,640,shop-inspect-1.0.0,true
images/train/enc_00607.jpg,607,train,"0,1",960,640,shop-inspect-1.0.0,true
images/train/enc_00608.jpg,608,train,5,960,640,shop-inspect-1.0.0,true
images/test/enc_00609.jpg,609,test,3,960,640,shop-inspect-1.0.0,true
images/train/enc_00610.jpg,610,train,4,960,640,shop-inspect-1.0.0,true
images/test/enc_00611.jpg,611,test,"0,1,5",960,640,shop-inspect-1.0.0,true
images/train/enc_00612.jpg,612,train,"3,5,6",960,640,shop-inspect-1.0.0,true
images/train/enc_00613.jpg,613,train,5,960,640,shop-inspect-1.0.0,true
images/val/enc_00614.jpg,614,val,4,960,640,shop-inspect-1.0.0,true
images/train/enc_00615.jpg,615,train,"0,2,6",960,640,shop-inspect-1.0.0,true
images/val/enc_00616.jpg,616,val,"3,4,6",960,640,shop-inspect-1.0.0,true
images/test/enc_00617.jpg,617,test,"3,4",960,640,shop-inspect-1.0.0,true
images/train/enc_00618.jpg,618,train,"0,1,6",960,640,shop-inspect-1.0.0,true
images/train/enc_00619.jpg,619,train,4,960,640,shop-inspect-1.0.0,true
images/train/enc_00620.jpg,620,train,3,960,640,shop-inspect-1.0.0,true
images/test/enc_00621.jpg,621,test,"0,6",960,640,shop-inspect-1.0.0,true
images/test/enc_00622.jpg,622,test,0,960,640,shop-inspect-1.0.0,true
images/val/enc_00623.jpg,623,val,"1,3,5",960,640,shop-inspect-1.0.0,true
images/val/enc_00624.jpg,624,val,"2,5",960,640,shop-inspect-1.0.0,true
images/test/enc_00625.jpg,625,test,"2,3",960,640,shop-inspect-1.0.0,true
images/train/enc_00626.jpg,626,train,"0,3,6",960,640,shop-inspect-1.0.0,true
images/train/enc_00627.jpg,627,train,0,960,640,shop-inspect-1.0.0,true
images/test/enc_00628.jpg,628,test,"0,1,2",960,640,shop-inspect-1.0.0,true
images/train/enc_00629.jpg,629,train,"1,4",960,640,shop-inspect-1.0.0,true
images/train/enc_00630.jpg,630,train,4,960,640,shop-inspect-1.0.0,true
images/train/enc_00631.jpg,631,train,"1,4",960,640,shop-inspect-1.0.0,true
images/train/enc_00632.jpg,632,train,"2,3,6",960,640,shop-inspect-1.0.0,true
images/train/enc_00633.jpg,633,train,4,960,640,shop-inspect-1.0.0,true
images/test/enc_00634.jpg,634,test,"0,4",960,640,shop-inspect-1.0.0,true
images/train/enc_00635.jpg,635,train,1,960,640,shop-inspect-1.0.0,true
images/train/enc_00636.jpg,636,train,"1,6",960,640,shop-inspect-1.0.0,true
images/train/enc_00637.jpg,637,train,"0,2,5",960,640,shop-inspect-1.0.0,true
images/train/enc_00638.jpg,638,train,"2,5",960,640,shop-inspect-1.0.0,true
images/train/enc_00639.jpg,639,train,"1,6",960,640,shop-inspect-1.0.0,true
images/test/enc_00640.jpg,640,test,"2,3",960,640,shop-inspect-1.0.0,true
images/test/enc_00641.jpg,641,test,5,960,640,shop-inspect-1.0.0,true
images/train/enc_00642.jpg,642,train,"3,6",960,640,shop-inspect-1.0.0,true
images/train/enc_00643.jpg,643,train,"0,1,2",960,640,shop-inspect-1.0.0,true
images/train/enc_00644.jpg,644,train,"0,1,5",960,640,shop-inspect-1.0.0,true
images/train/enc_00645.jpg,645,train,5,960,640,shop-inspect-1.0.0,true
images/train/enc_00646.jpg,646,train,1,960,640,shop-inspect-1.0.0,true
images/val/enc_00647.jpg,647,val,"2,3,4",960,640,shop-inspect-1.0.0,true
images/test/enc_00648.jpg,648,test,"0,4,5",960,640,shop-inspect-1.0.0,true
images/train/enc_00649.jpg,649,train,3,960,640,shop-inspect-1.0.0,true
images/train/enc_00650.jpg,650,train,"0,1,3",960,640,shop-inspect-1.0.0,true
images/test/enc_00651.jpg,651,test,"0,5",960,640,shop-inspect-1.0.0,true
images/train/enc_00652.jpg,652,train,"1,2,3",960,640,shop-inspect-1.0.0,true
images/val/enc_00653.jpg,653,val,"2,5",960,640,shop-inspect-1.0.0,true
images/train/enc_00654.jpg,654,train,1,960,640,shop-inspect-1.0.0,true
images/train/enc_00655.jpg,655,train,5,960,640,shop-inspect-1.0.0,true
images/test/enc_00656.jpg,656,test,"3,4,5",960,640,shop-inspect-1.0.0,true
images/val/enc_00657.jpg,657,val,"1,2",960,640,shop-inspect-1.0.0,true
images/train/enc_00658.jpg,658,train,"4,5,6",960,640,shop-inspect-1.0.0,true
images/train/enc_00659.jpg,659,train,"0,3,6",960,640,shop-inspect-1.0.0,true
images/train/enc_00660.jpg,660,train,0,960,640,shop-inspect-1.0.0,true
images/train/enc_00661.jpg,661,train,"0,4",960,640,shop-inspect-1.0.0,true
images/train/enc_00662.jpg,662,train,5,960,640,shop-inspect-1.0.0,true
images/train/enc_00663.jpg,663,train,6,960,640,shop-inspect-1.0.0,true
images/train/enc_00664.jpg,664,train,3,960,640,shop-inspect-1.0.0,true
images/test/enc_00665.jpg,665,test,"2,3,6",960,640,shop-inspect-1.0.0,true
images/train/enc_00666.jpg,666,train,"0,5,6",960,640,shop-inspect-1.0.0,true
images/test/enc_00667.jpg,667,test,"0,3,4",960,640,shop-inspect-1.0.0,true
images/train/enc_00668.jpg,668,train,3,960,640,shop-inspect-1.0.0,true
images/val/enc_00669.jpg,669,val,"1,4,5",960,640,shop-inspect-1.0.0,true
images/train/enc_00670.jpg,670,train,"4,5,6",960,640,shop-inspect-1.0.0,true
images/train/enc_00671.jpg,671,train,4,960,640,shop-inspect-1.0.0,true
images/test/enc_00672.jpg,672,test,"0,6",960,640,shop-inspect-1.0.0,true
images/train/enc_00673.jpg,673,train,6,960,640,shop-inspect-1.0.0,true
images/train/enc_00674.jpg,674,train,"1,3",960,640,shop-inspect-1.0.0,true
images/test/enc_00675.jpg,675,test,"1,5",960,640,shop-inspect-1.0.0,true
images/train/enc_00676.jpg,676,train,"4,6",960,640,shop-inspect-1.0.0,true
images/train/enc_00677.jpg,677,train,6,960,640,shop-inspect-1.0.0,true
images/train/enc_00678.jpg,678,train,2,960,640,shop-inspect-1.0.0,true
images/train/enc_00679.jpg,679,train,2,960,640,shop-inspect-1.0.0,true
images/train/enc_00680.jpg,680,train,0,960,640,shop-inspect-1.0.0,true
images/test/enc_00681.jpg,681,test,"1,4,5",960,640,shop-inspect-1.0.0,true
images/train/enc_00682.jpg,682,train,"1,6",960,640,shop-inspect-1.0.0,true
images/train/enc_00683.jpg,683,train,"1,6",960,640,shop-inspect-1.0.0,true
images/train/enc_00684.jpg,684,train,"0,6",960,640,shop-inspect-1.0.0,true
images/train/enc_00685.jpg,685,train,"2,3,5",960,640,shop-inspect-1.0.0,true
images/val/enc_00686.jpg,686,val,"0,3",960,640,shop-inspect-1.0.0,true
images/train/enc_00687.jpg,687,train,0,960,640,shop-inspect-1.0.0,true
images/test/enc_00688.jpg,688,test,"3,4",960,640,shop-inspect-1.0.0,true
images/train/enc_00689.jpg,689,train,"2,5",960,640,shop-inspect-1.0.0,true
images/test/enc_00690.jpg,690,test,"0,1,6",960,640,shop-inspect-1.0.0,true
images/train/enc_00691.jpg,691,train,"2,4",960,640,shop-inspect-1.0.0,true
images/train/enc_00692.jpg,692,train,"2,3,4",960,640,shop-inspect-1.0.0,true
images/val/enc_00693.jpg,693,val,"2,5,6",960,640,shop-inspect-1.0.0,true
images/train/enc_00694.jpg,694,train,1,960,640,shop-inspect-1.0.0,true
images/val/enc_00695.jpg,695,val,1,960,640,shop-inspect-1.0.0,true
images/train/enc_00696.jpg,696,train,"0,4",960,640,shop-inspect-1.0.0,true
images/train/enc_00697.jpg,697,train,"0,1",960,640,shop-inspect-1.0.0,true
images/train/enc_00698.jpg,698,train,"1,6",960,640,shop-inspect-1.0.0,true
images/train/enc_00699.jpg,699,train,6,960,640,shop-inspect-1.0.0,true
