filename,split,seed,class_id,class_name,sha256,n_boxes,domain
scratch_0000.jpg,train,42000126,0,scratch,a0ca6dc89fe3a1aff27552239184dd80dba6381782c13f23955dff9506a87337,1,synthetic
scratch_0001.jpg,train,42000127,0,scratch,7447e1115e72e80001b83bd72b0ed411f4bfff3a253b828b3a7f320dca8e50ad,1,synthetic
scratch_0002.jpg,train,42000128,0,scratch,82ab3a589b689b0a0f003b296eeaa88878cab11f14e15c9eb926abf0756638f0,1,synthetic
scratch_0003.jpg,train,42000129,0,scratch,3a598bf8fabe66fb321e3611876576f8df9ef16d1dd0926c350eb4a4bbaa4859,1,synthetic
scratch_0004.jpg,train,42000130,0,scratch,0e9900f37fe9005a4b3829b987670331efafbb949bdf54f2d00cb05caa7d473d,1,synthetic
scratch_0005.jpg,train,42000131,0,scratch,016524ad986a230f668ca8fc0058e502b75e81a235ceb11fdaba9306a095fdd1,1,synthetic
scratch_0006.jpg,val,42000132,0,scratch,cc279ba89c37786f462d915b73e9295b792edb3c7c3363fd83ae125c41eff75d,1,synthetic
scratch_0007.jpg,train,42000133,0,scratch,694d22b6f824d470439c0176924d80a2146fbcf212ae9afc0416cb8d3999e85e,1,synthetic
scratch_0008.jpg,test,42000134,0,scratch,7e4db65643ca2459fb04591fed6cfad290776d5178fdf3af15b56fc4587041f9,1,synthetic
scratch_0009.jpg,train,42000135,0,scratch,378c1c6068f936fb7ed3a287097999f5369c41b7500c49a3aa8b0249f18cca42,1,synthetic
scratch_0010.jpg,train,42000136,0,scratch,1c2b90cd1b21d8f3b436f4e3ae1c461db3175f22c788ab467024348ea9e3544f,1,synthetic
scratch_0011.jpg,val,42000137,0,scratch,f71b51ce731cb6b0ff920891126127c3a65eb6171da74182440a51d9608aab08,1,synthetic
scratch_0012.jpg,test,42000138,0,scratch,6b15b1f719625ad2b9ed01804a85e78df893e4a3980a0168ef7c0dfbb0398aec,1,synthetic
scratch_0013.jpg,test,42000139,0,scratch,b44e30bab9fa2f02c08be63447f476cb05f578c7915f0f70825035567e123bf8,1,synthetic
scratch_0014.jpg,test,42000140,0,scratch,9215bebc427fd2b1a740169beeb68ae8f47cba5aabfc43b9402350899149babe,1,synthetic
scratch_0015.jpg,train,42000141,0,scratch,bb37763014d59498964ec9857f84d4def12ab11fda0bbe7d3d0bc8aab0b4edbb,1,synthetic
scratch_0016.jpg,train,42000142,0,scratch,7976ca6191034410b406f6f33da96162a280ae5f1bc221703e0591ec4b41e9b8,1,synthetic
scratch_0017.jpg,train,42000143,0,scratch,6bd4edd8ca23974298a727a3ea23e85c40fd14d0fd0452f6145d9f06d00dc68f,1,synthetic
scratch_0018.jpg,train,42000144,0,scratch,97b23a5fccaf1761a61f6f05d89346227d41c995d89a36679bd694e94e8f424c,1,synthetic
scratch_0019.jpg,test,42000145,0,scratch,13790d535ecaf83a97b4c547ececfb7207825545d4d8b8cb4e98c2a0ccc90c8a,1,synthetic
scratch_0020.jpg,train,42000146,0,scratch,5237e16517770e05841ff4b356692f93fb977ad78fa8df74480eb88a2d1cdc54,1,synthetic
scratch_0021.jpg,train,42000147,0,scratch,9c76d78ac5bbafa415e6f54bd848d8a5cd5d9f27b2122df024faab451198c21f,1,synthetic
scratch_0022.jpg,test,42000148,0,scratch,a565c8a599f9ad6ef18601513043f6967bc10ef05e0b7e683dee916ef55ea895,1,synthetic
scratch_0023.jpg,train,42000149,0,scratch,14095731491298d304a1a753e2220f330ef8f679f00dc5398503afc1d81017b2,1,synthetic
scratch_0024.jpg,train,42000150,0,scratch,6c7547c206d79196cbc51fdbac504837d0bf199ed1ebcbbb9bedc3c53f65dde8,1,synthetic
scratch_0025.jpg,train,42000151,0,scratch,15afcc5d13cd5c64d007f8e4622e66459f5cdaefb081a88a35f16c7aaffefed1,1,synthetic
scratch_0026.jpg,train,42000152,0,scratch,f22c380bbc5fbf388fb5f8790592cfbc2463f829f987cbe1c062a9b5e6499715,1,synthetic
scratch_0027.jpg,train,42000153,0,scratch,c3969db69663be0d1d349d1eabeb6a7017be6bb2bb5c436f202929af46799ad1,1,synthetic
scratch_0028.jpg,train,42000154,0,scratch,65184aea21483d0e8340fbed33288c6f7a337d1e905f474c8b3f65459dc0c00e,1,synthetic
scratch_0029.jpg,train,42000155,0,scratch,b08c20a85fc196da8a869a4ba9bf5ff24e4631fca8f198ba09430fb823ff2939,1,synthetic
scratch_0030.jpg,val,42000156,0,scratch,e51e7e0eb18f1bd83944b76117be5e4d01f6b4d56ebc4443438eb145f40b38d8,1,synthetic
scratch_0031.jpg,train,42000157,0,scratch,095753734893c1b9c539df4964d613080d6733bbaa51254900ffbc14c5fff102,1,synthetic
scratch_0032.jpg,train,42000158,0,scratch,b838a072f6206c6a951a33e3fb67374ad491c7fd6905cb57dd47a6f8adb87454,1,synthetic
scratch_0033.jpg,train,42000159,0,scratch,149b6e780ff6cc642a468fc84f2c2e8fe3e186423430703ab2776ee18d829563,1,synthetic
scratch_0034.jpg,val,42000160,0,scratch,32239a0b92b7294d14c1bafc0fbe4231060c7e183e8dd2c960bcda174f78ce22,1,synthetic
scratch_0035.jpg,test,42000161,0,scratch,908def458348b3975382c7ea5593d808b3f8a6ad6f135eb52f6248135e13fd5d,1,synthetic
scratch_0036.jpg,test,42000162,0,scratch,7acc913598e9c86a06e88b87660ceb3c3cd44b451dc0b9c102b14d2284d0c260,1,synthetic
scratch_0037.jpg,train,42000163,0,scratch,c652784a001993906c73b8b2543747a75911bc99650ea493108d2a033aba0365,1,synthetic
scratch_0038.jpg,train,42000164,0,scratch,1ee15a72cf76169e8747fad7fce945c4e9250f0f281fd8d33a88c39e9c9b9d86,1,synthetic
scratch_0039.jpg,train,42000165,0,scratch,68a8edf2bce63b0477c214dda1aee42299ac610117d9bf379572ee7d8718564e,1,synthetic
scratch_0040.jpg,train,42000166,0,scratch,edd7714c008b569414b2404051aae3038401224b1baaa959b18f40dd9182d833,1,synthetic
scratch_0041.jpg,test,42000167,0,scratch,96574c66689d67ff1e8feed65ed189e5acaf0fda5006772a2d2883174534bca4,1,synthetic
scratch_0042.jpg,train,42000168,0,scratch,b6e95c8098e620197e9b3ebfb411d0dba5dedb03beb44a330bb90a85ef4502a0,1,synthetic
scratch_0043.jpg,train,42000169,0,scratch,9f2c874a93f529f6523a4f79df99ae888fc13c01a9dddb57330141e0ff174e5f,1,synthetic
scratch_0044.jpg,val,42000170,0,scratch,936640ab72c750b4efd6bb740bbfa758909d2fc475d32ee79f326710a2412112,1,synthetic
scratch_0045.jpg,train,42000171,0,scratch,448a2ffb4d33cd913bd96c95b6c830ff561c071ecbe2388faea8f80ce7bb5a71,1,synthetic
scratch_0046.jpg,train,42000172,0,scratch,a93694c69b148e04721e60e60c574826fb8dec434dc396c6c11d703866e5c7e8,1,synthetic
scratch_0047.jpg,test,42000173,0,scratch,1c3bde8abee76cf335718f02c5e6b7a9fbb15fa914c0d3d8f64b5973a8c27421,1,synthetic
scratch_0048.jpg,train,42000174,0,scratch,0b7ee219ae34b552dc360648ae2109cf6bda4cc828872519ec733f0fe1d58808,1,synthetic
scratch_0049.jpg,val,42000175,0,scratch,6422aad5f5409594c8ad0d23281af99da0fdaa9ae902cbc4847ed83884060476,1,synthetic
scratch_0050.jpg,train,42000176,0,scratch,cc37900b261f4b50635bfac328d9bc6c91cbe26619ab6d5d73ce3bd968577c97,1,synthetic
scratch_0051.jpg,train,42000177,0,scratch,ec7a7d2d1df58f499efc6911b32f23e37fdb8b737c6499b2dfa9345559621e64,1,synthetic
scratch_0052.jpg,train,42000178,0,scratch,9bce7ff10d2d89ff5a459cf855732886b00dc7c9b3e6dc775e1136415ec39277,1,synthetic
scratch_0053.jpg,test,42000179,0,scratch,b7f1125e8ed8309a646a053a230f86eb54fa32d491723bf78413957121600531,1,synthetic
scratch_0054.jpg,val,42000180,0,scratch,80c77fa515730eafefa875b9521ab9902bf32add5bf85c81df38114569411e59,1,synthetic
scratch_0055.jpg,train,42000181,0,scratch,319685734e2355d985c7fbe7ca5bd990604f47da7c3bb8ab79f3c73f4ada33bf,1,synthetic
scratch_0056.jpg,train,42000182,0,scratch,e8b5a6b6a075c1873408058ef7a7045e81733697ca2735ab3e33f8c9c4d50a8c,1,synthetic
scratch_0057.jpg,train,42000183,0,scratch,1f8e060f8b20d40817f7bc8f88175a7bf373fe06309e35afd2eae604dc9a5113,1,synthetic
scratch_0058.jpg,val,42000184,0,scratch,6f82927ff890a6be9c66ba5f747fafcd1c1ff6887c85b9ead178d8436914e8aa,1,synthetic
scratch_0059.jpg,train,42000185,0,scratch,a75cacc28554d0130a9e08595e1a6ab237d0f77e61fbab10c72e1d77d3e8905d,1,synthetic
scratch_0060.jpg,train,42000186,0,scratch,de895a9aaa8eb2a6968d7c6eb8ccbe1019d8fb8b57e8257cb0d298e7a879d169,1,synthetic
scratch_0061.jpg,train,42000187,0,scratch,b8b02bc96a4d8d42b7938534effcb7ad981e2292c6afeb95a53da3dda983397d,1,synthetic
scratch_0062.jpg,train,42000188,0,scratch,bbb7638c8a69871ecf736f393318f8257ee66758340ae26f00d17fa8b0b3b3b4,1,synthetic
scratch_0063.jpg,train,42000189,0,scratch,302ead2981eec374262429249dcea771fc9677b59d117e1b8ad789a2239b4c5f,1,synthetic
scratch_0064.jpg,test,42000190,0,scratch,be25bd1c8b3d8410891f25bc44c4a3cf3feb5d9f9e0e3f03e252ed3e31500629,1,synthetic
scratch_0065.jpg,test,42000191,0,scratch,10eb545e28c0be65afe3d60156e151bf69e1a9cf73fdc27a9f50d8667a0e8536,1,synthetic
scratch_0066.jpg,test,42000192,0,scratch,4ac091ac2f69be6cad68a46ccaec14129011c097abeaf8b0fc03894ebd61533c,1,synthetic
scratch_0067.jpg,val,42000193,0,scratch,1ce84e4bf4816c068a01795a0ec4a70a6be758a150a32486efa15ef582cce9db,1,synthetic
scratch_0068.jpg,train,42000194,0,scratch,fa1bb40e305fa2836769ab6b7a8aeabf36b7de8e65c78294657b1b360c794d31,1,synthetic
scratch_0069.jpg,train,42000195,0,scratch,9dfd11cb29a646b3a7936ed81ee5e2b1751e01d57aa5f2aed187a7ea478593d5,1,synthetic
scratch_0070.jpg,train,42000196,0,scratch,071f48b13458c4418d6498094e67703f1f6a33ff7a782d407475b87aadf03910,1,synthetic
scratch_0071.jpg,train,42000197,0,scratch,09b8904e3d31af5b6fd6e9241451d7430a97d9d82864aa209db23e2d3df609af,1,synthetic
scratch_0072.jpg,train,42000198,0,scratch,0a53a517138bf0b5bac7724d2673fb5d41517f6f4c03784739e005896bd4de4f,1,synthetic
scratch_0073.jpg,train,42000199,0,scratch,79dfe6de7ce68562236352e0f682375a1d41f8aa8d7d5d33a7ae5fef9fde32cb,1,synthetic
scratch_0074.jpg,val,42000200,0,scratch,fb7178cddab05c580dce3e1c49cc349bd5baabe5da587f53bfa1179f71b6f4ef,1,synthetic
scratch_0075.jpg,train,42000201,0,scratch,4314b61b86a80f2d452a1e33c68e7c38dc427285d5039dbde108ba391331601e,1,synthetic
scratch_0076.jpg,train,42000202,0,scratch,9fd73ec7ee672b60844a0d4534a0dfdde4e890983e1872f7ea60df98c1f8f5cd,1,synthetic
scratch_0077.jpg,test,42000203,0,scratch,fa03039a6e08329f42570d19448cd035e6cd68a1bcbe2aa593ddbb9cc52ce55b,1,synthetic
scratch_0078.jpg,train,42000204,0,scratch,d00f0b620fa66f4f9207f1d89b2ae03295c3f7440e2d434b581ece771072b5f2,1,synthetic
scratch_0079.jpg,train,42000205,0,scratch,303e004772175774cf7f78329c4698d49b8d48496407d11acb9ab979aa6deb6b,1,synthetic
scratch_0080.jpg,train,42000206,0,scratch,19278946403305846eac1ab49a75689a230d261d2aefea22479909326f81b5a0,1,synthetic
scratch_0081.jpg,train,42000207,0,scratch,3fa5e88ed402b0ad066a407bf30a0d2b4a440f27fb98197878886babf46fc395,1,synthetic
scratch_0082.jpg,val,42000208,0,scratch,a7f12a5bbacbe70ca74fd34d631454f943d164b71bec962afff7f00536f20dcc,1,synthetic
scratch_0083.jpg,train,42000209,0,scratch,221c01d993f60af1cf889497f82cc7a75ee61265fc47c14ff78ac8071b27da3e,1,synthetic
scratch_0084.jpg,train,42000210,0,scratch,d132b37b1dc39eb388d5946ae2c8b157c3a9d0fd3d502748f86b1be05db358e6,1,synthetic
scratch_0085.jpg,val,42000211,0,scratch,df53f023a54a096ff34e3ed189b50554f758c5fdc9850af0bca47ac6e7cc46be,1,synthetic
scratch_0086.jpg,train,42000212,0,scratch,d037001769f016091d5e6314cb9c2f3025a3b9e97ff620db06d1b39a6e2d666d,1,synthetic
scratch_0087.jpg,train,42000213,0,scratch,5a4f8c8910311110eaa24b9426def1cb085f88fffb07522e571c913fc813850d,1,synthetic
scratch_0088.jpg,val,42000214,0,scratch,4973bee15156bc75a89faac45a6e342d0705d62cd437b980d07cd0a703e613ba,1,synthetic
scratch_0089.jpg,train,42000215,0,scratch,57a76fcf2ac2080a7703737bc8121355302a0053a1a1f9bdeb8dd853ee8861d7,1,synthetic
scratch_0090.jpg,val,42000216,0,scratch,f9234cf1d1ceb891c2a15b9d57f38b6b1c44ebad1994ef798431e1933923db9a,1,synthetic
scratch_0091.jpg,train,42000217,0,scratch,3856ae5fbde8276f3716db861157b50d6a6503274ce254f30c49f3458199379b,1,synthetic
scratch_0092.jpg,train,42000218,0,scratch,d5f79c4309f4c77ea1b02885e688b0c77d66e829befe419e73c09c765ffb45d2,1,synthetic
scratch_0093.jpg,train,42000219,0,scratch,b91f454816678da025a5c011afef808e291ae491516860a62c083bd1aea50a27,1,synthetic
scratch_0094.jpg,train,42000220,0,scratch,a8c192b1878d14e9ef66cdcc2488a39876afdec31bb97ab7c06da647a99c8bd0,1,synthetic
scratch_0095.jpg,train,42000221,0,scratch,e33559ab6463e46e45e18d997ab137de9ea6d5f0d285014685c69a58ebef8fa5,1,synthetic
scratch_0096.jpg,train,42000222,0,scratch,ab0d058b743d751925859a3e472afd12b315893c33c7a3b1ced600c07f1f89ac,1,synthetic
scratch_0097.jpg,train,42000223,0,scratch,6ae905d2e85142dc593c6211bc8d693b41b0960a885286f70078566dacf43a0f,1,synthetic
scratch_0098.jpg,val,42000224,0,scratch,56c2f5b8cf59d3a76f63b8cff9ee2e3b10fdacfcf5983b746283668c003162e3,1,synthetic
scratch_0099.jpg,train,42000225,0,scratch,5f838508cea54203e6945f12849548972abd36fd3a398071824809d113e9a75e,1,synthetic
dent_0000.jpg,val,42100126,1,dent,90c8baba5499ad1af0f77ce50de937bbd1eb8b7c5fbc3c5b5398fb5355081354,1,synthetic
dent_0001.jpg,test,42100127,1,dent,7a4bb49488f8ac29f9532cf481213f99d6b6758cd2925021ef8c8e147972dd2f,1,synthetic
dent_0002.jpg,train,42100128,1,dent,dae70c9955f3bfe83222638ab4cb451bfb3dac1ee49fcc7e6ca9a26022b049a2,1,synthetic
dent_0003.jpg,train,42100129,1,dent,c1024253ec6558032dbec7f091774b8d974b579f99709f3e34108ea0e241ce72,1,synthetic
dent_0004.jpg,train,42100130,1,dent,8a723dac5a69778c1ed323499a2a556a750643869f0487adaeef7299b7618e9a,1,synthetic
dent_0005.jpg,test,42100131,1,dent,0901347b332b300612fa827ec61f58e3e910a0a556f969eb12cccd873eb5973c,1,synthetic
dent_0006.jpg,train,42100132,1,dent,9066ebf86daeb51fa7660686246276a8893a7d4720c5d9e25c4a8fc3c66cc151,1,synthetic
dent_0007.jpg,train,42100133,1,dent,2b0051ed1a546fc6734f69ee90c31dad23b808a9ab1614b1ce0ad46ec774fcb0,1,synthetic
dent_0008.jpg,train,42100134,1,dent,bc8e1d319f3290ed6d9893611302ec898e03183d03636fe46f12dbe4ff208fb6,1,synthetic
dent_0009.jpg,train,42100135,1,dent,9b9887c38ba13511c0a42791a7620eecc8e522c71c2fde65afe2c4a5af565352,1,synthetic
dent_0010.jpg,val,42100136,1,dent,4bde29317ce89abd5662c3501c151c24e23a2e01df78f2fa8d0ceac0ccd0a186,1,synthetic
dent_0011.jpg,val,42100137,1,dent,37781a3ac010283b53505aab521f08966490802da70cf449fc837f3e3d6c2d9b,1,synthetic
dent_0012.jpg,val,42100138,1,dent,50e86cf66376da5d5a75a6c90f18162ffe00ea84fb4725ac289ac7610244646e,1,synthetic
dent_0013.jpg,val,42100139,1,dent,ea47b5f1d70176c417d0defe2ed2fc1f1edb57dacbf1d90a1dc00060426acc86,1,synthetic
dent_0014.jpg,val,42100140,1,dent,0d47c35caad6ee21393e55c184bb5b49b7bc521f2908129395d807e82c105b47,1,synthetic
dent_0015.jpg,train,42100141,1,dent,635b53986c47db84fde49404f14b42e7231a157186f0ae2359fd4076d248102b,1,synthetic
dent_0016.jpg,train,42100142,1,dent,b641054df50c988d4449837fa8d289dfdb83d1e4f47e64058960a63aa160b2cf,1,synthetic
dent_0017.jpg,train,42100143,1,dent,5be778cbb9801e68cb69fd68d4bfcb32843daa1e3018ab2cb6ad939fcfd17389,1,synthetic
dent_0018.jpg,train,42100144,1,dent,26848517f1eff93b0f9bb7c43f4e9f77542b20b9296ab504fb984fe50aea0ff9,1,synthetic
dent_0019.jpg,val,42100145,1,dent,a990d189006750dc437876940022abcb80bff253d8e5c1cc0302a3f38f6a5e3c,1,synthetic
dent_0020.jpg,train,42100146,1,dent,0c5236a26200fdbb2d0d375e89b6f0753a71276c46255bad793ec270fe544276,1,synthetic
dent_0021.jpg,val,42100147,1,dent,88a50b9939f82fa3a61ce9e46ffea8bab054f6a3b65ca9983bfe5df1a0f3966d,1,synthetic
dent_0022.jpg,test,42100148,1,dent,c26d43a98e1af37f5ab2f3f25a3299a4f3c2bce7106af79c033ea83701a8c1fa,1,synthetic
dent_0023.jpg,train,42100149,1,dent,5be0335960638a2750e8c06492a0080a6ce7b5a9bec3083f7515a79dc94fefce,1,synthetic
dent_0024.jpg,train,42100150,1,dent,5a7ff73e8581e5c92d4eddc0d5892da9b997dbd4ee0cab5c8faebd1b05f46d05,1,synthetic
dent_0025.jpg,train,42100151,1,dent,6938d5fb4c564e3f05ab1256809f402ab3cadf89d65f2b74e932ef8987769703,1,synthetic
dent_0026.jpg,train,42100152,1,dent,c20bf836d157957243abf0ecaec152856f35565340c9e51b3516ff44e2ce135b,1,synthetic
dent_0027.jpg,train,42100153,1,dent,08e0d5ad0b263e37b31f6d2414618e3a8d1214d7a781c01e45602ba679c8f4d8,1,synthetic
dent_0028.jpg,train,42100154,1,dent,f3cdbfffb55009cf2f3ad0c314e32f5b1c4bcc2430acb5bea47f27695a940182,1,synthetic
dent_0029.jpg,train,42100155,1,dent,cf301a9b2d3bea610d5efc3dd2001f00ee5148b98e1c3b887cd8d042f0a4b83d,1,synthetic
dent_0030.jpg,train,42100156,1,dent,718751e2756077ff4a6425dfdee390cee074de0b32aaf69d20d9ac82b81d9330,1,synthetic
dent_0031.jpg,train,42100157,1,dent,26a93cf73627d298c060520ef73fc4c60d1f179ad66558cfea3f7501df0c881b,1,synthetic
dent_0032.jpg,train,42100158,1,dent,90889866dd53ac4772a7f98b5ad2b918fbbdd701be7c50d8a78a4afb4c1ceeca,1,synthetic
dent_0033.jpg,train,42100159,1,dent,25ef461a212d9c1706690fcc13c07e01396445f534cbfa1b7988e5eff7ba766c,1,synthetic
dent_0034.jpg,train,42100160,1,dent,ec1a6ef198fec0848121bbbfe48e4bd770784796208226f7e4a672cfb6ac6f69,1,synthetic
dent_0035.jpg,train,42100161,1,dent,3d957af7ee66659cff36e7a3d9513c6946285a4293b18f494ebafe8a61d445a7,1,synthetic
dent_0036.jpg,train,42100162,1,dent,d8d7f10634b9dabfdda28b881015e4a235b057736b451f076d1379b1c5007402,1,synthetic
dent_0037.jpg,train,42100163,1,dent,bf4bbbacf40729165a78fc2fc676deb32eed0bb1b636fb320847c92b150b7eaf,1,synthetic
dent_0038.jpg,train,42100164,1,dent,78f71076243a6f2f3e9d206c9b8da62e6bd042b2ffb892109b3660a06c6ecbde,1,synthetic
dent_0039.jpg,val,42100165,1,dent,decd4bd7a9bf95e5776380984ce9d847fb3a07398ef70e3eff3a098bac259056,1,synthetic
dent_0040.jpg,train,42100166,1,dent,9d46421779830481d1c06f710d8adfc3b5f6e2c802403074b9e073335133c033,1,synthetic
dent_0041.jpg,train,42100167,1,dent,676cc56aa42bce2f561f356ba5f0c1d64f8e854c2e4bb86800418ee0c3419883,1,synthetic
dent_0042.jpg,train,42100168,1,dent,8f7e5596ab7c4a6b59b3b57074fbb8955713b197ee7218ad3b53b575e90eb7d9,1,synthetic
dent_0043.jpg,train,42100169,1,dent,06eef9c06262d69a9b521d5e1d72d1186d394abdb14c82f647397195d1b157ee,1,synthetic
dent_0044.jpg,test,42100170,1,dent,56eb3344d967b70d1e932d448b34801445a22a9aeafb91e955ec2690d208fba4,1,synthetic
dent_0045.jpg,train,42100171,1,dent,4abf9c5c748d99e10f0aa76b26d1e0a471791934ae83c7be00f7ff4dd132795c,1,synthetic
dent_0046.jpg,train,42100172,1,dent,db536c649a65e20048bbfa5fcdb1ffc51815a06a6002354c5d753ee30fb2a1bc,1,synthetic
dent_0047.jpg,train,42100173,1,dent,02507366bd8c8335dadd6aaf75a4c8f9b29267a128924e2d62952c97ec3acf63,1,synthetic
dent_0048.jpg,test,42100174,1,dent,c0ae1d791e27c03edb2286696be57c4322cfb4deb089ae6e82bea1e935efce01,1,synthetic
dent_0049.jpg,test,42100175,1,dent,d1075fe6446d385b45a46fefaaf0038102d192fc9ecedb80e1b970059bab6d50,1,synthetic
dent_0050.jpg,train,42100176,1,dent,c1fdeb2e5a0190c209aab1cba0db2dfd10fe523606a71bc856a7a3c33f96b170,1,synthetic
dent_0051.jpg,train,42100177,1,dent,497fce83638de65d12efcd3d9f4bed2531e221d93dc5381212a9ab46db88b23b,1,synthetic
dent_0052.jpg,train,42100178,1,dent,284c1d27fe8c750ace9811d72960a271a5c892d2386c1c9655c767166453af2e,1,synthetic
dent_0053.jpg,train,42100179,1,dent,ca62a0378637c9e0bc82efca85eddb5eee2ee371d0fce4a3bdf3bce3def360ea,1,synthetic
dent_0054.jpg,train,42100180,1,dent,9c97338e31c60bd7f0199cf009e0f68301d2cec4604bde1450dfcb254db3eee2,1,synthetic
dent_0055.jpg,train,42100181,1,dent,10e9bcaccba55fe5a4928aac18766dcb6a1ace1e7419678ce403b2b5426e44c0,1,synthetic
dent_0056.jpg,train,42100182,1,dent,c7e8bf5986df9871d0888897a1bdc762f0e3f7993c4d8cd1d91e195231c85765,1,synthetic
dent_0057.jpg,train,42100183,1,dent,a1f9d17721cfbd6030272747ed28e7c69c30ad703a00ceb9bcbf68e5c32474fd,1,synthetic
dent_0058.jpg,test,42100184,1,dent,e813afd0a598819c945f16a85fbbb9b2d25f5be663dc10bc618024f787ae86cc,1,synthetic
dent_0059.jpg,test,42100185,1,dent,c783a5e087c067d25146c35bbb7ba258aa9b87a8dc2867f0ff8bc6b9e57c9daa,1,synthetic
dent_0060.jpg,val,42100186,1,dent,83274d532ca19e2a599a94357c1c265111e5200d509e835851ff7a4af5894c21,1,synthetic
dent_0061.jpg,test,42100187,1,dent,5e60b7a80dca34999c59bebc975ce753e5b1d74b776ba23e73d7362ab94a9b58,1,synthetic
dent_0062.jpg,val,42100188,1,dent,eb833b57dab21c124cb22ebe2e8ff6c0651945aaa091f87634f77c5457d85068,1,synthetic
dent_0063.jpg,train,42100189,1,dent,72399a2b22b036e197bec70fedbad76167aff00413e46233b4276ceb6905133b,1,synthetic
dent_0064.jpg,train,42100190,1,dent,f605f384af3d39970dfe86de18b213a4928d9af1cc9d08b9e7d72835aafc6c5b,1,synthetic
dent_0065.jpg,val,42100191,1,dent,183d7c5dc0206843724405b6c1da61f238a07234c58800c794a3d7d900351e30,1,synthetic
dent_0066.jpg,train,42100192,1,dent,36c95522d618e5635879d396390e834d4a27e7fc3498cc1c56af65b6a73a5d31,1,synthetic
dent_0067.jpg,train,42100193,1,dent,fa19722efb513f825d1fb9c7e10a1367212eb17ed675bd0335ff04e0a28c6f0c,1,synthetic
dent_0068.jpg,train,42100194,1,dent,05ba55a30de4d0684af06c0a6bda9c1013974820df82204d249be3809d43a997,1,synthetic
dent_0069.jpg,train,42100195,1,dent,a3b522ef695be5ab7af076c2ec11b39a0122cf30550bb8828b25858ad30d7feb,1,synthetic
dent_0070.jpg,train,42100196,1,dent,bd75315f536b637a93f653fbd3c0170905054d00ab8177629c883d145912911d,1,synthetic
dent_0071.jpg,train,42100197,1,dent,a922d0de193cbb4475a7101b6c202f8b6b2ced7944092a5d0f53dce8159e30a4,1,synthetic
dent_0072.jpg,train,42100198,1,dent,0aab51cfb2c17cf4f21def77350060c01a30313e4d05966bc8e38574ff9008c4,1,synthetic
dent_0073.jpg,test,42100199,1,dent,42b29c9ae013e5b47286030371dd129922f6e18b491cdaa75844e9f99db36b4f,1,synthetic
dent_0074.jpg,train,42100200,1,dent,01c994c00edc970c8e5a00867d4b4e368736a5c6f6b7e1d61a4be1ae06154220,1,synthetic
dent_0075.jpg,train,42100201,1,dent,da4c106a935a9541d7628d122e275777f69f365e908d2170d2f23e2ac89a04da,1,synthetic
dent_0076.jpg,test,42100202,1,dent,f8c616af1594f9f2a377af7b3f53cc4e9150152d0a50f166cb348996d3f2c782,1,synthetic
dent_0077.jpg,train,42100203,1,dent,8e4863da16ecd78ffeb74ff5b2eacdcc7730a5e3a0c181f98fe35c73e73073e4,1,synthetic
dent_0078.jpg,test,42100204,1,dent,5027dcf57d234d8faaa0b2d5167ffc55c6170daba674bd1d6905f0783245ecaa,1,synthetic
dent_0079.jpg,train,42100205,1,dent,0bb989ddf39b44898199070fa5172cddcac7ab71a7aae725661c8897328fdc9c,1,synthetic
dent_0080.jpg,val,42100206,1,dent,2fc6d11fea3c17b4a830869b4ee3c3c44e11e6ca0eebdefc25818179d2666e5a,1,synthetic
dent_0081.jpg,train,42100207,1,dent,8de234d9cf0b9aa3de40ededc6b7fe24b493358019dcf23a719135984f33fb64,1,synthetic
dent_0082.jpg,train,42100208,1,dent,c2ebadb9a4e11a656592540fd9fe17d7c79005e99281361cb10f4f756c6685cf,1,synthetic
dent_0083.jpg,train,42100209,1,dent,a8f8b0a6bfc6f19e3c0f2ff4fdb49606c2c43a1151707eca9c77ae9498061bdb,1,synthetic
dent_0084.jpg,train,42100210,1,dent,d61b6c4fe5b1a7b7f7c084f1bc54ba60375e767d16292b94eb53438329619ae9,1,synthetic
dent_0085.jpg,test,42100211,1,dent,1da41a550699fa9073dec255db0e9b3cdedd511521341a7fda429db59a32247c,1,synthetic
dent_0086.jpg,train,42100212,1,dent,948895b6d1587bb5f8623e8ca68e9727d2e032eb1396848b57a3ac997ffe36f8,1,synthetic
dent_0087.jpg,train,42100213,1,dent,a452a4fb1080b57d997fab068f8e007e1d3c316456f36d093012a4748b94b1f0,1,synthetic
dent_0088.jpg,val,42100214,1,dent,7824540a06a2f1f524285755b8f846aa99e0fa470fe9b8f90b134cd64653b8b6,1,synthetic
dent_0089.jpg,train,42100215,1,dent,6532543202dec4f8467f31740cf88a6d6375988f6bf185137533449b44919de6,1,synthetic
dent_0090.jpg,train,42100216,1,dent,547edcfcbf13dc3393375051baaa5988c675bf6a4efe80adc0b0a6170dfee2a8,1,synthetic
dent_0091.jpg,val,42100217,1,dent,b5c35c5baed83f91421ad15ac0bc6a489dec958b8c9f6cdeb1e92974ac8f8135,1,synthetic
dent_0092.jpg,train,42100218,1,dent,1fd52595b680c2c5e4bf39d7ccd472bb8b022cb93651809819bed3d6922d0d8b,1,synthetic
dent_0093.jpg,test,42100219,1,dent,cbb6f584d712dedefe606fdaad8aa028f780465c14f4ebd2dd4068b4e0f6d40e,1,synthetic
dent_0094.jpg,train,42100220,1,dent,35ede9dc16e2190c164425fb98811a4786b512a8e62e2c3fbadc76be3d494262,1,synthetic
dent_0095.jpg,train,42100221,1,dent,ed52a14a52443ab93fdd84dd85ec1cd865b17486b658727a701fdd2d3b64fbcc,1,synthetic
dent_0096.jpg,train,42100222,1,dent,a1da8f6c980319cb5fb417a323fc24c0fe00833260638524934ea3d439e24380,1,synthetic
dent_0097.jpg,train,42100223,1,dent,40c714a5484593fd1606fac5199e7070457948cae85ae2a8ed225c84e0f66c60,1,synthetic
dent_0098.jpg,train,42100224,1,dent,40d9052fdcfaf9c943aa0678cba9e33e800e92c50168402c3a2f138fc90a9f6c,1,synthetic
dent_0099.jpg,test,42100225,1,dent,43d4b9966775665120906b55ea6632023e5e6346512ca51da0279d517a63b80c,1,synthetic
weld_porosity_0000.jpg,train,42200126,2,weld_porosity,21d63d06d622d002bbd0b4db5111745f97cae7714abed67b23d2a703ce6f44f8,1,synthetic
weld_porosity_0001.jpg,test,42200127,2,weld_porosity,09d6da020ea9ca64d9bca9d28e432db07b68a79e9d5c38e5ad30b543713eaf9b,1,synthetic
weld_porosity_0002.jpg,train,42200128,2,weld_porosity,decd3cdbd7d7bb6b2ce0472b3cb1ef27581696d7938281a1e4f50f9ae525d881,1,synthetic
weld_porosity_0003.jpg,train,42200129,2,weld_porosity,bee3e1aab46516f90dc095ded7837788bb685c7c18653b9b68541c9708e9b2f9,1,synthetic
weld_porosity_0004.jpg,train,42200130,2,weld_porosity,5194577eb291a15d38dab89d5ed7de348c28fef94b4cbace97044b7e82c62a98,1,synthetic
weld_porosity_0005.jpg,train,42200131,2,weld_porosity,804d7993542d71f0df125714904e2e4dafa0e04350d8c3fc932f61b9ded20abd,1,synthetic
weld_porosity_0006.jpg,train,42200132,2,weld_porosity,eb17355d0897618435ac678d951994f38667d6c3480849f4d0f9584a5845fbaf,1,synthetic
weld_porosity_0007.jpg,test,42200133,2,weld_porosity,c2a898a9fb0607efba9cbad03d18d3ae5e431ea3d6ace5107a2dbab7bf9ec778,1,synthetic
weld_porosity_0008.jpg,test,42200134,2,weld_porosity,98c767dd75cc0dbccf7f918069f6ca3d6e3ef344e86feddfc0393f7b6efeb5ca,1,synthetic
weld_porosity_0009.jpg,val,42200135,2,weld_porosity,f621c948c415ed9fd9bc52ae9a9b68a725452a7c1cdbb8687c9f11db0b41c01a,1,synthetic
weld_porosity_0010.jpg,train,42200136,2,weld_porosity,c80acbfaab6e9f0c47c78ed1c3b4cd3f5d6338033eded541bcf78970bfe3f57d,1,synthetic
weld_porosity_0011.jpg,train,42200137,2,weld_porosity,cbd9ea5664a53f01a7a37a605917cd69776fbadfc95c297167be4c520a4aca35,1,synthetic
weld_porosity_0012.jpg,train,42200138,2,weld_porosity,c0a942bbeb3dd1237af66e63555c122dedde3e6faf98b9c099df2776f4b84732,1,synthetic
weld_porosity_0013.jpg,val,42200139,2,weld_porosity,0cb42eba133e85a5a33cad6e14dc1e07717d3707f40c7084acf490bdf075906b,1,synthetic
weld_porosity_0014.jpg,train,42200140,2,weld_porosity,39d0b7b376bf6fc88db92d0cad34741d275c20780c19f4142eb9c343ee503666,1,synthetic
weld_porosity_0015.jpg,train,42200141,2,weld_porosity,d39593377dfdd7f5b1578bdb78bde5bafeb8432bb3c498ae30bdee28c733ccad,1,synthetic
weld_porosity_0016.jpg,train,42200142,2,weld_porosity,4dfe2c600f10c1bc7729255ca32ed88142b3524749dbbcc1d3958c57b286be31,1,synthetic
weld_porosity_0017.jpg,val,42200143,2,weld_porosity,69e097f920d03d5cfb49d9bc641efa898c827792e18adc3e84fbf79158b473f2,1,synthetic
weld_porosity_0018.jpg,train,42200144,2,weld_porosity,7e2bdf33a45ec1bd621e996cd9570ac157b3eed30deda8233eaf00f0d09cbc71,1,synthetic
weld_porosity_0019.jpg,train,42200145,2,weld_porosity,06deaa9aa8ac5bc7e61f0f6928d56ca8e43f62a31c99805575d1d6dc7446c582,1,synthetic
weld_porosity_0020.jpg,train,42200146,2,weld_porosity,2865538c7fdda9c8afa2f234702cea3abc8cb4a948c43b1a2b028c7802cae3d8,1,synthetic
weld_porosity_0021.jpg,val,42200147,2,weld_porosity,443d71fc5b4330b5a264b3491045d463cc81ca8bedf8faaafc268b9c9b9dbe40,1,synthetic
weld_porosity_0022.jpg,train,42200148,2,weld_porosity,ecb40498d518da46f2b1a5f82cdb3730fe89a17a3e04dd0a2f52cfab5d5a7db0,1,synthetic
weld_porosity_0023.jpg,test,42200149,2,weld_porosity,e5da612bdd013045ac6aa0ba261a043d0e0f496c323f5fdb55aebc3155233fe4,1,synthetic
weld_porosity_0024.jpg,train,42200150,2,weld_porosity,6306d88d423a0f27f98f08fc4b45fb5c03e412894bd09ac22b9d169aee32aae9,1,synthetic
weld_porosity_0025.jpg,train,42200151,2,weld_porosity,8ec1eaba6fdc63f6e75230b40a8c7a5f3134ca14fb52df855cd3b81faee730bd,1,synthetic
weld_porosity_0026.jpg,train,42200152,2,weld_porosity,23b17e09097469f6d8ef49fde6fd3bb4a762ccd33c3e0f6cfcf52aaf7311e150,1,synthetic
weld_porosity_0027.jpg,test,42200153,2,weld_porosity,57e5d8c51626b443676dcc8e5e8e75d01efe44eb60dbb51430817a35f01d7da7,1,synthetic
weld_porosity_0028.jpg,train,42200154,2,weld_porosity,e66ab60ddcccb91ccabc5812073d316b897106189da26e2eb514794fa20794cd,1,synthetic
weld_porosity_0029.jpg,train,42200155,2,weld_porosity,e2c27d4d976e2f978eb46185151ada7c91e11038bad3550e9cd63af2103291e2,1,synthetic
weld_porosity_0030.jpg,test,42200156,2,weld_porosity,0422e171886f00e8dd92fba7e1c921e43f682d0f6ee50c3003b422188bb58f93,1,synthetic
weld_porosity_0031.jpg,test,42200157,2,weld_porosity,98f4dfdf8c742494510a67c27c91b17fe87e3bb8609ba62a38d9c7729c498a20,1,synthetic
weld_porosity_0032.jpg,test,42200158,2,weld_porosity,47d804e051273ba28ca7499d2b191be4926066758a7dd97a5b62e5519880deb3,1,synthetic
weld_porosity_0033.jpg,train,42200159,2,weld_porosity,d95f92149295a56ca8c03391b8836042c9279ea07cefdcec5a35c28e4a4f3f8c,1,synthetic
weld_porosity_0034.jpg,train,42200160,2,weld_porosity,54d00bdc8d71ac1f23f014d37d21ce0da010e7cd9aed8e4e4a549f4cea58d8b1,1,synthetic
weld_porosity_0035.jpg,train,42200161,2,weld_porosity,1490521616cf411ded216c45457165c965f6689525683fc807e0cd6e5f3b67bd,1,synthetic
weld_porosity_0036.jpg,train,42200162,2,weld_porosity,4f458e9bd8077e0dd11463dcca242ed25b9a66228aeaaa1cc01f5865db9a478a,1,synthetic
weld_porosity_0037.jpg,val,42200163,2,weld_porosity,27b60c37b451981e9ac17da516f0023c4e8a7aababf667c415aa9189ec37d293,1,synthetic
weld_porosity_0038.jpg,train,42200164,2,weld_porosity,afc0cb53b13a20c7080df137f005730cbc51ae38ef12dcec047a040b84065785,1,synthetic
weld_porosity_0039.jpg,train,42200165,2,weld_porosity,4c4f4d9e123dad9ad068173dac2d83950b32841530eea61c96d94139402c6db7,1,synthetic
weld_porosity_0040.jpg,train,42200166,2,weld_porosity,57fdfec2ab209e7c7f8c25394fe8012d66e4e001c2b5526d7e543f81fe26c52f,1,synthetic
weld_porosity_0041.jpg,val,42200167,2,weld_porosity,c32f6635dc7c298976875c7064232deffbd268afae0f3e1548e8be72ca34e39a,1,synthetic
weld_porosity_0042.jpg,train,42200168,2,weld_porosity,8b58aaf7069a8e752f74b5c57cd6807b96064d438a4796cd8727b60b9d8f7ebb,1,synthetic
weld_porosity_0043.jpg,test,42200169,2,weld_porosity,0cdd83bca1b9f2925c42f9bab2b6970840aaa745936d8480c6f725e4f41a78e4,1,synthetic
weld_porosity_0044.jpg,val,42200170,2,weld_porosity,aa2767b18748f8a6d5ac38bd42a23ca610e2f9266e7652824dbc4ff050b7d819,1,synthetic
weld_porosity_0045.jpg,train,42200171,2,weld_porosity,ae8d48ffcffa15e61f07d7f7887382f20a79c93492dd438faf4d68d1ce48c192,1,synthetic
weld_porosity_0046.jpg,train,42200172,2,weld_porosity,025a122bd0d59d7aec0391b8b9d85a374aea7c485829693d911b7dee8497f349,1,synthetic
weld_porosity_0047.jpg,test,42200173,2,weld_porosity,3356a5c23855f6110af5994ba6158b2337a133781e1fb6dca256c19ac6f4e837,1,synthetic
weld_porosity_0048.jpg,train,42200174,2,weld_porosity,88f95c115ac511bca330288b94f4b0e3245ee6827691e8bd10bad65b111d8ad0,1,synthetic
weld_porosity_0049.jpg,train,42200175,2,weld_porosity,bbc273f0b5a025344cde9a96e65bcae6b52b5b4847e122f268b42d2112670d2c,1,synthetic
weld_porosity_0050.jpg,train,42200176,2,weld_porosity,725c90ebd7f5f0ccee3f8b77f4141e2a5781cecb6418fac01f4908503f60a14c,1,synthetic
weld_porosity_0051.jpg,train,42200177,2,weld_porosity,b9e7d0db30bdfca99aa58250d846ff151be8e6ff3bec4b8f5ba162677fc37c02,1,synthetic
weld_porosity_0052.jpg,train,42200178,2,weld_porosity,5df54e606ffff42587e5ac5f8b6300678b30f063cdc1d1cf38b4911e78655604,1,synthetic
weld_porosity_0053.jpg,val,42200179,2,weld_porosity,62d48306b7859c4f4659a963561f350094f2b395290ac619a7f3096d7689b4d3,1,synthetic
weld_porosity_0054.jpg,val,42200180,2,weld_porosity,64c937becb59252778079f2dfb40fcb7fff06c2c5dd17662c741b670f5bb5546,1,synthetic
weld_porosity_0055.jpg,train,42200181,2,weld_porosity,d81c948e9ff3f283a8b8ad80489d6989266d302d3dc0530ed146c51b8d3b37ad,1,synthetic
weld_porosity_0056.jpg,train,42200182,2,weld_porosity,ea0e7ba3683b093ae4b1d72ad7d0406d1eb77f52b859199b135541aa0f11cd15,1,synthetic
weld_porosity_0057.jpg,train,42200183,2,weld_porosity,a92adc7085fa79af3b8fb1419e7e336e0268f83c434f8dd84200d4ba6b8d9ff0,1,synthetic
weld_porosity_0058.jpg,test,42200184,2,weld_porosity,e10493bab94036e463be0cb8898ce8775a89dc02b0252b44fcb713ed595f73da,1,synthetic
weld_porosity_0059.jpg,train,42200185,2,weld_porosity,ed9cca386199392d26ddf3ca12c57676689e4be3ab67d7e838b1abb27d4eee04,1,synthetic
weld_porosity_0060.jpg,test,42200186,2,weld_porosity,638a6ea49e8b055bcea3cedcd62c274b03fafe309e10f3f9a49eaf2dda1ddb5e,1,synthetic
weld_porosity_0061.jpg,train,42200187,2,weld_porosity,aee8056deef2b92db2b6b02ef1e7723e2a5f700a449047d5a8ca8f7f1e6d52da,1,synthetic
weld_porosity_0062.jpg,val,42200188,2,weld_porosity,e4c8cfe9d4c62baf91d1ed1fc556cf464c7f1c1d01971389bce719b58f8f6845,1,synthetic
weld_porosity_0063.jpg,train,42200189,2,weld_porosity,c2a34994671b7a1ef7ce6dc862c4b2f36cc2d98bffdb255aa5618d6e2cab8ac4,1,synthetic
weld_porosity_0064.jpg,train,42200190,2,weld_porosity,ec1ca9e57b93cfa7bd253e1aaccea4b5adf914f3363b71898176282c0e71b087,1,synthetic
weld_porosity_0065.jpg,train,42200191,2,weld_porosity,fae4e5527aa0808b51af1de4a2ed66926d5c0851f86edac87407f07d82668979,1,synthetic
weld_porosity_0066.jpg,val,42200192,2,weld_porosity,e673ad4ab86854829108a09f886d1fde14faa2cd66f1aa9f4feebb6712f25984,1,synthetic
weld_porosity_0067.jpg,train,42200193,2,weld_porosity,d418d5e6bff24550478b83a7326d00452e62758972989c0ccefae6a22ecbc5c2,1,synthetic
weld_porosity_0068.jpg,train,42200194,2,weld_porosity,963fd137f4354216d26424423bdbec072f29ac63b7e01b640d2b3d499e7ae40f,1,synthetic
weld_porosity_0069.jpg,train,42200195,2,weld_porosity,178e3065c7948331f408d47b798d4c20de9d5c14638a2bf987dc8f9f735cdcc2,1,synthetic
weld_porosity_0070.jpg,val,42200196,2,weld_porosity,e03805bb8bf465c223e7000b67fe0d75eb14fdb9e26bb7033c83c6ce8cbfad87,1,synthetic
weld_porosity_0071.jpg,train,42200197,2,weld_porosity,ef656021b862573e9819b2273fee301283702d45f3018ff2478e20e133cac020,1,synthetic
weld_porosity_0072.jpg,train,42200198,2,weld_porosity,b141c7fc43ae4b967cb7c34d7d80f5ba88aaa6d0c8de2f603f7380f9d529904b,1,synthetic
weld_porosity_0073.jpg,train,42200199,2,weld_porosity,dfada78d9cea46cc72d379437fa6886f49eb97fd9efdf03eccf5292b3e7bc69a,1,synthetic
weld_porosity_0074.jpg,train,42200200,2,weld_porosity,af1b44b1999b2f34fb312e7f6379f6004f0c347506eb14fd43ff7c7279bd9bcb,1,synthetic
weld_porosity_0075.jpg,train,42200201,2,weld_porosity,098d9f217905c008b0be3a18eafd3fe4076eebcd3813ecc69ab09ff1a0c84cb9,1,synthetic
weld_porosity_0076.jpg,train,42200202,2,weld_porosity,ca4b20417f6286e0d7637ad28e40b2d7f752b093e44d29a3a7d21ee91759fd9a,1,synthetic
weld_porosity_0077.jpg,train,42200203,2,weld_porosity,329417794db14b7b43ba77be68b80a414bddc396aa3e1d57b4ecddf9fb3c3ecf,1,synthetic
weld_porosity_0078.jpg,test,42200204,2,weld_porosity,48db4e983cc5556784bd4adca5e6a875ebce84a25e8db7adf5f79aa8d9ecafd5,1,synthetic
weld_porosity_0079.jpg,train,42200205,2,weld_porosity,f3455b86fb5d7247285583e5e6a1bf2428c8d5a745ca9c25aecd0b234578a58f,1,synthetic
weld_porosity_0080.jpg,train,42200206,2,weld_porosity,19667184fd4da81d9a27b94b6a0f931474581f56047a13eea7f03bc3681480c8,1,synthetic
weld_porosity_0081.jpg,train,42200207,2,weld_porosity,6a9269ec11ab021f7e4e8cfdeed31c6ff95ffcee0528862cae457af5dd23cb0b,1,synthetic
weld_porosity_0082.jpg,train,42200208,2,weld_porosity,08c2f939dba5fbd2ac6df05bf7f76b1c7b932bab58ab5d9792b622efddda2c8b,1,synthetic
weld_porosity_0083.jpg,train,42200209,2,weld_porosity,f89cf3052b4b7c6922fed1691f54a55777733900cc18d92775e1aa51c16fb7bf,1,synthetic
weld_porosity_0084.jpg,train,42200210,2,weld_porosity,bad8d8a7523c8722e622947ba0224ebb179332feb8ad8b11f8ab14d9defd0690,1,synthetic
weld_porosity_0085.jpg,test,42200211,2,weld_porosity,158c8faa1894213fb555b1bb7de4e43cacf6e6f73e409e0753c6101721e1e46f,1,synthetic
weld_porosity_0086.jpg,train,42200212,2,weld_porosity,10471231014265f3a8fa0245a2a4925c2f4599a30431754e2ac573212100817e,1,synthetic
weld_porosity_0087.jpg,train,42200213,2,weld_porosity,15785be204587c6d66dd4c568fdf5371537f775091facfbe458235b7f03a5751,1,synthetic
weld_porosity_0088.jpg,train,42200214,2,weld_porosity,3d6ec5a6fb108713d6a9e972f09350e4b2d2b47d12cacca32bf8d18dd24e02ae,1,synthetic
weld_porosity_0089.jpg,val,42200215,2,weld_porosity,c2c2ef767429090c5ec423b114fe366a31771b9e1390aafba05a53eecd2804f6,1,synthetic
weld_porosity_0090.jpg,train,42200216,2,weld_porosity,5af426f2a73f3c29dae77e63844d0ee3812dadbb1f1b3c0129eb1d5898e07671,1,synthetic
weld_porosity_0091.jpg,train,42200217,2,weld_porosity,be7557415894f93db4ff94f7faf0cd60a8d68b4467f8b0a313b8e0bf867f8072,1,synthetic
weld_porosity_0092.jpg,train,42200218,2,weld_porosity,c602148851cb881254a94436ca3f410a923198fad3faad26b2a9ba5c01b6af0b,1,synthetic
weld_porosity_0093.jpg,test,42200219,2,weld_porosity,4e9f111491c8319dde3c6ae18df083ff3d99fd6052df96462e1fc883dbd0ac75,1,synthetic
weld_porosity_0094.jpg,val,42200220,2,weld_porosity,3a333461f78f6e7825cdfe9f594e438bfdc9b7f53700b14a948c90d753d301ab,1,synthetic
weld_porosity_0095.jpg,train,42200221,2,weld_porosity,3f833534f65183f41cf5d58a4285aae48b931c737e2c059243233d4e57ef3368,1,synthetic
weld_porosity_0096.jpg,train,42200222,2,weld_porosity,18959de03505add76dcdc111b77687301f668c921a2b4756dab66a0623fd2d1d,1,synthetic
weld_porosity_0097.jpg,val,42200223,2,weld_porosity,56a69b1862b2376023a0dd822853638d35a1e8009961272e9d43cca4b10fc70e,1,synthetic
weld_porosity_0098.jpg,train,42200224,2,weld_porosity,de6df93ba122071478292769ba3874100d1e093ce6443a5255f5ac6cf303b87d,1,synthetic
weld_porosity_0099.jpg,train,42200225,2,weld_porosity,773833f19d948e3c0611b583598d0d48e814252614f99ef63a8b4f89e82322d3,1,synthetic
weld_crack_0000.jpg,train,42300126,3,weld_crack,78ea4adfbfae42413208c4a55a95fb97fc3aeeb40bfa56febdf5819edde26145,1,synthetic
weld_crack_0001.jpg,train,42300127,3,weld_crack,e42a83b6a8572432e00dd95f9a2d02cf5e9a932b9c0c701425940aadfd3d919e,1,synthetic
weld_crack_0002.jpg,train,42300128,3,weld_crack,ea5e5b72e2aaba21ef867605dc7f1dbc2f29e5cb7e82a84231a3a3680ba453ce,1,synthetic
weld_crack_0003.jpg,test,42300129,3,weld_crack,7295b65aa6cc8b2d3ac7595bca186e1c3db751a4bf52f6cea75811102178f5dd,1,synthetic
weld_crack_0004.jpg,train,42300130,3,weld_crack,09df9beebaf4172483ce30fdd039958532620bfa57853ab6d8c8f8acedb26962,1,synthetic
weld_crack_0005.jpg,train,42300131,3,weld_crack,c10af7b803c822fa3f9ed888d001787bed0fb1a826c1b07cb2e005e369108966,1,synthetic
weld_crack_0006.jpg,train,42300132,3,weld_crack,7bf7ad33131469a023ade120a029f49b30385c8821f51a4efde05c3a52e0960f,1,synthetic
weld_crack_0007.jpg,train,42300133,3,weld_crack,f2fa2172d7a1fae0fa0a2eb6cf9a257218fee465600d6d4b45149a12fafb6466,1,synthetic
weld_crack_0008.jpg,train,42300134,3,weld_crack,9cc1567adb689fe81ae9daf977e468431e17492c67239f256690a66054864cc6,1,synthetic
weld_crack_0009.jpg,train,42300135,3,weld_crack,5841d9732e0e51f928f3ef02cb0b950e99b83dd9c5589b622cbdcd3ce55b376b,1,synthetic
weld_crack_0010.jpg,val,42300136,3,weld_crack,d7b92397453a9a3c468925651c412c622b7b4c8b930613c83aaeb8b8ed74a1cb,1,synthetic
weld_crack_0011.jpg,val,42300137,3,weld_crack,e9a0d7548f25b792e3a7dfb7652980d787ebd5aa2d4853f7ac329b0cf124d6a2,1,synthetic
weld_crack_0012.jpg,train,42300138,3,weld_crack,76381b726ad5a86ca9bbd28407205a60217e889b7a4a62b2335e3389356b4847,1,synthetic
weld_crack_0013.jpg,train,42300139,3,weld_crack,cf238df6b243ab41ee0dab1972138c0b1672e36dfc0582eb057183d304eb17ce,1,synthetic
weld_crack_0014.jpg,val,42300140,3,weld_crack,465bc0dd81e95d66c7fd466a5b0c06b4dd60f37356e546a40a9b9d98b3bfad0e,1,synthetic
weld_crack_0015.jpg,train,42300141,3,weld_crack,16c5f501667a58772619ed3818708f7695d1d927505737a857b659d7a792d1c1,1,synthetic
weld_crack_0016.jpg,test,42300142,3,weld_crack,0cde588314760241bbd51e37e0e7fcc592d9c6583a27d60ba600a06c30f73cbe,1,synthetic
weld_crack_0017.jpg,val,42300143,3,weld_crack,c500767012976287442d84f34d0c12d2963fc8fa65f065fabfab635b924c8b33,1,synthetic
weld_crack_0018.jpg,train,42300144,3,weld_crack,1f4ec74fdf647f8bce9a672576a69521ccde8ad01515643c359f6710b1e26ddb,1,synthetic
weld_crack_0019.jpg,val,42300145,3,weld_crack,6b78a30f4fb4188f1eaec750b0803deed16dc717f6b18cff81c00a9a5702b1c8,1,synthetic
weld_crack_0020.jpg,train,42300146,3,weld_crack,fb50d84d657e83a700043bd77132035a8445ed0387ebcfaa025800cae260aad8,1,synthetic
weld_crack_0021.jpg,train,42300147,3,weld_crack,54f962eb03467c851d5435487508adb4e2881a2a4c04f78cddabc672c68eed7d,1,synthetic
weld_crack_0022.jpg,train,42300148,3,weld_crack,579600551ef97b9b40a8cc6f099b77e0b6db4b5615dfbac739756d1b79333029,1,synthetic
weld_crack_0023.jpg,train,42300149,3,weld_crack,f2773a4a0102e6a5c6cd866e947881ea2d0a6377a0ee83ce2e70ffa10b945efa,1,synthetic
weld_crack_0024.jpg,val,42300150,3,weld_crack,b7bd6b6dbdd85c9adc9cc2069889cfc092c5d2513655f7f4ad75f067a7a4457d,1,synthetic
weld_crack_0025.jpg,train,42300151,3,weld_crack,324ff502c007dbb98435a4fe0c7d23346ba9f7047151740e883d7eea3d6aed05,1,synthetic
weld_crack_0026.jpg,train,42300152,3,weld_crack,1464a54875cd7a749c4d5ad7e1d6215fcd92aaa2b8f538afab17ce075cc10078,1,synthetic
weld_crack_0027.jpg,test,42300153,3,weld_crack,cbd964b2ad94e3cd1bf7ce5fe0f5903a77a6ec5836b2f4a4a8f53bd7cd050464,1,synthetic
weld_crack_0028.jpg,train,42300154,3,weld_crack,38e0054df7ae1ba9f82c141129376508248a6dfdc95aefd06c0f7b889b6e8a21,1,synthetic
weld_crack_0029.jpg,val,42300155,3,weld_crack,7bb35cda7fbffc1a0d7d856007e8a254a78739820ccc199677e73f7c161274e3,1,synthetic
weld_crack_0030.jpg,test,42300156,3,weld_crack,9ac167e2905d734e07d461ded2b7f3b92d5ef02e78af0908abac69dccca69931,1,synthetic
weld_crack_0031.jpg,train,42300157,3,weld_crack,ba527d127834500bf5ca8e5349e65ee9e7239e774760023a78797cbd92bd82d3,1,synthetic
weld_crack_0032.jpg,train,42300158,3,weld_crack,bec9fa8ebe7a30879a3511d30e1c41a207dea9614bfac7167b5fbfcd1244d223,1,synthetic
weld_crack_0033.jpg,train,42300159,3,weld_crack,1e19ab3915d5959d93e3af077394de7a54c5f7100a747d86ee163ed91e844681,1,synthetic
weld_crack_0034.jpg,val,42300160,3,weld_crack,d3b8b01f3b6b3316e124a12a10c9205deea6dc107a020e83d093280ca9d6d4c0,1,synthetic
weld_crack_0035.jpg,train,42300161,3,weld_crack,cf45f11ff944f974f4761aa0ea318f1235f15cdf59746cd8ba8167bfd0a4af36,1,synthetic
weld_crack_0036.jpg,train,42300162,3,weld_crack,8d4687b48b7a75fd9c3cd1e3c4d8286b4cce6c8fe25f0f6cc0ac1fb3ae6e5422,1,synthetic
weld_crack_0037.jpg,train,42300163,3,weld_crack,80ac58ca47a0ce9d2960b0710759a1909fffc9d1b7b8afd0a1344269f7ee800c,1,synthetic
weld_crack_0038.jpg,train,42300164,3,weld_crack,e655db0351ebd8577c4c30e4c07a20c3ea459ae740dcdcb37bdff6f7016e3cd1,1,synthetic
weld_crack_0039.jpg,train,42300165,3,weld_crack,e80c05b43cd96b2ef9a60f6378c0de88d9f6a20f0556eaf60a52bac04a159ebd,1,synthetic
weld_crack_0040.jpg,train,42300166,3,weld_crack,98497cc7d07beee82be9c133e44cd478f13deb2ade49f733b87140537059de89,1,synthetic
weld_crack_0041.jpg,train,42300167,3,weld_crack,9f36a43745af3b7e055dbebfb22990cffd6abf0c605e788f883838936f7f8ccb,1,synthetic
weld_crack_0042.jpg,train,42300168,3,weld_crack,892e76c645abff804430c82c4760b4c04129f4bd4a9946d4563fa8ae56c76838,1,synthetic
weld_crack_0043.jpg,train,42300169,3,weld_crack,6d67e7915207c44b9822d9181b3cebbaebb10629c1ff2124edbb7f3d26cd4e93,1,synthetic
weld_crack_0044.jpg,train,42300170,3,weld_crack,74a6a59f60ecede4e7b2c50862aac41f7b171b529b22e3bfa20d498616d50d91,1,synthetic
weld_crack_0045.jpg,train,42300171,3,weld_crack,f025eb35c2f4c6f727996737cc9e029e0145aa9112f26516536bade68d954586,1,synthetic
weld_crack_0046.jpg,train,42300172,3,weld_crack,4ba7bee867366e6633580553c4e7285cf980d30fd286bcf37693441a942fbd40,1,synthetic
weld_crack_0047.jpg,train,42300173,3,weld_crack,be9dae7a5ec51a18ea4f7b037187eab6cc8240aa017c2bcb9152254c3a973226,1,synthetic
weld_crack_0048.jpg,train,42300174,3,weld_crack,cbbe931f43f4278d88e512e3b6300c287ab366f4f4a38e3417b3815856b8e25e,1,synthetic
weld_crack_0049.jpg,train,42300175,3,weld_crack,7ba47c4cd70d8f190ef250ac50df4a70ec919abf1a09c698b99e70b809a56965,1,synthetic
weld_crack_0050.jpg,train,42300176,3,weld_crack,bdddc1cd651d3c2b110b1dadf2cc1f0edfe64b96a0693c7f67fae25525e5bf5a,1,synthetic
weld_crack_0051.jpg,train,42300177,3,weld_crack,f24184cc0383c7118cbe09798c4ae1248c9d44a9bdeeb434e7b1a83d116f8fe4,1,synthetic
weld_crack_0052.jpg,test,42300178,3,weld_crack,ac936640415061c552e3d8852201f4446313c5433d281249f2c9f508229b41f7,1,synthetic
weld_crack_0053.jpg,train,42300179,3,weld_crack,eadc15bc041f6bcf4ad2e396a5d0d240feebf76acd04848f7ffc3453cb7861d8,1,synthetic
weld_crack_0054.jpg,train,42300180,3,weld_crack,3778b06cd2262f6c55c3ae2cc5bc23d168a1aa517a3f08871912cc93bdfc6425,1,synthetic
weld_crack_0055.jpg,train,42300181,3,weld_crack,59fb4ce21dd0e15efbc0a32c343080bf1bd9e5675f9a91d3a12a5281dacd4859,1,synthetic
weld_crack_0056.jpg,val,42300182,3,weld_crack,f7ea4109e3dd0f79db8e68c4ebabec7d031568380e3fc4ce006192ce31ab7951,1,synthetic
weld_crack_0057.jpg,train,42300183,3,weld_crack,f80d65cb52e8ca1802174947b6c45bb5e24d2e1459de865a4d413a55b54c1e42,1,synthetic
weld_crack_0058.jpg,train,42300184,3,weld_crack,dac629c73ec71c6508d37d309000c57147f59995866f69d424dadadcbc909f81,1,synthetic
weld_crack_0059.jpg,val,42300185,3,weld_crack,1e1d73132b1fa5811f55cc8dc9b5a60bc2121371610f224d1d9fdb7e2bc5ce26,1,synthetic
weld_crack_0060.jpg,test,42300186,3,weld_crack,0be4e37c3a97fdb1a1780ca8feb9a1b6df1ce6fb37f522d5e17d547b1ac0294b,1,synthetic
weld_crack_0061.jpg,train,42300187,3,weld_crack,ea8a4f356eebade852996f5f49f0a43f80482d2c33a02ca34b19a757275fa559,1,synthetic
weld_crack_0062.jpg,train,42300188,3,weld_crack,0f53180819f0c3d614c157da2477e3f2c2f38532f220fd0212509fad57cb7d07,1,synthetic
weld_crack_0063.jpg,train,42300189,3,weld_crack,684432cdb37d7d3ec47d1d5bd4824238935b11bdfe30d546bd5d88e9b0523e53,1,synthetic
weld_crack_0064.jpg,train,42300190,3,weld_crack,8c2e6a34d19d804160b301d977fc1660e300bdb12f15e5d73f815fccbc2184fb,1,synthetic
weld_crack_0065.jpg,test,42300191,3,weld_crack,a1bbee750af2a91c1c6260328b2f2b3fdb949c5ea3f028d1c490ed87b48d97e6,1,synthetic
weld_crack_0066.jpg,train,42300192,3,weld_crack,3d8f5bbe298e95395c1438ce20fd8cc41cc9220f065a8c0c16b971213f97b9f5,1,synthetic
weld_crack_0067.jpg,train,42300193,3,weld_crack,e691bd945f5d69d8934baa1ca013ddcab94f089fcf0be12f32d08c35e147f395,1,synthetic
weld_crack_0068.jpg,val,42300194,3,weld_crack,ac221df358e9e5bc45f1de8c26e255ab9a4b16bf3ac55495de073a13d581ade3,1,synthetic
weld_crack_0069.jpg,test,42300195,3,weld_crack,3955cd4044ece57150bcb89619bc38e89ead00a7ee9936da7a24413e3d92d053,1,synthetic
weld_crack_0070.jpg,val,42300196,3,weld_crack,5782bfe45064e12dc0cc91753fd88dbdafa385d953dafd9dce785f4402d59c15,1,synthetic
weld_crack_0071.jpg,train,42300197,3,weld_crack,b893d056983a3c61d3e92e4f28dbe770761e60c6c8a13b6d5c7043eb8ba4c51e,1,synthetic
weld_crack_0072.jpg,train,42300198,3,weld_crack,428b734cb89a4c369cfb94e42d5db3daa1773fe6cd7d515bc06d82ba976209b5,1,synthetic
weld_crack_0073.jpg,test,42300199,3,weld_crack,9a025479de4767356b1abd2596e368a2563b57691bfa39b93d54a70abd923acf,1,synthetic
weld_crack_0074.jpg,train,42300200,3,weld_crack,974bc2b2d066d509b8ff275189863bfff0bc9566d63a681d77634944e0d292c3,1,synthetic
weld_crack_0075.jpg,test,42300201,3,weld_crack,ef3c5da485d11bbdf477136e78d0d9b9163500f7b29d88222a9cb7e2d85d996d,1,synthetic
weld_crack_0076.jpg,val,42300202,3,weld_crack,d1ad0459e126c992aed7be723a5ba11eb4d7e99f2f452509311fb4247b71e313,1,synthetic
weld_crack_0077.jpg,train,42300203,3,weld_crack,6f9803aa0a2841ed9f251e58cb34d39021b67ecbd460c8e42974d5ee3517984e,1,synthetic
weld_crack_0078.jpg,train,42300204,3,weld_crack,c4eeaac045a631cd2f46b7a03c4e8ca4829c2d244ae540bb5adc42d7c65cb86c,1,synthetic
weld_crack_0079.jpg,train,42300205,3,weld_crack,7e6c99aaa926eb2279c55cb75cadd9a2527b656143ef2237ae0f2321e6d2252b,1,synthetic
weld_crack_0080.jpg,train,42300206,3,weld_crack,755b862489a102be173a7dc9d12cda2d7958065f3c0b84985725d7a18cda5f26,1,synthetic
weld_crack_0081.jpg,train,42300207,3,weld_crack,20d0219985e08df2134900716182d1ecfbaf98f98b3b57a97fcc80ce46a9e924,1,synthetic
weld_crack_0082.jpg,train,42300208,3,weld_crack,206e838927b3129d60f966d52eea585186a6c6d0c9aedd78d597cb6a26e8a746,1,synthetic
weld_crack_0083.jpg,train,42300209,3,weld_crack,3144241fb696ca4b136e9b4cb92591eee7bcda84af34a7dac6520394a3efc8e6,1,synthetic
weld_crack_0084.jpg,train,42300210,3,weld_crack,3f83561ad927cada5a21e4b67ee681ff8dcb3d85a97830261a02dd2f727a7519,1,synthetic
weld_crack_0085.jpg,train,42300211,3,weld_crack,d4b5900f470b4058ff9ddfa5ec9c7ce7bf4df4b0a0ba12d8c16f8d319509730e,1,synthetic
weld_crack_0086.jpg,train,42300212,3,weld_crack,92e40c8a8608aba11263c6361c05d5435a1cf92430b66f804f08ec3f41d6ddb2,1,synthetic
weld_crack_0087.jpg,train,42300213,3,weld_crack,c3e6fe4d5ae0a855e195185beb36e1585bd105fdd03d117fa7cd3ef55da52612,1,synthetic
weld_crack_0088.jpg,test,42300214,3,weld_crack,9be7c439d99f0041ef5ae31d55b9052d662ae4079c540fa66d3a96d205310c0e,1,synthetic
weld_crack_0089.jpg,train,42300215,3,weld_crack,ffb4fb1042c42bd11d3b9906ecf8f97815160eef4a92a17b6cfdd0b1eaf92f37,1,synthetic
weld_crack_0090.jpg,val,42300216,3,weld_crack,405d368bdbadeecfea0da2d3043d542b8d916a3fbd0bd10c4c20b073f4a930ea,1,synthetic
weld_crack_0091.jpg,train,42300217,3,weld_crack,3ae9aef30cf2a4c572af8197d470f3dd53e10cc7c3d0238e85f6a3ab38af9839,1,synthetic
weld_crack_0092.jpg,train,42300218,3,weld_crack,c363564ed52799091048ba8741279aa8cac55a43318eda90277b04cc24136ded,1,synthetic
weld_crack_0093.jpg,test,42300219,3,weld_crack,56dde5476f3955ee033f1c489fda95fabfeed0c90a3fd589688b73bd1fd53347,1,synthetic
weld_crack_0094.jpg,test,42300220,3,weld_crack,b1a1ae6f8fcf29991a6d4aaf7e97ea0c3f359c6dd889f5c0f19c11a3c36d3851,1,synthetic
weld_crack_0095.jpg,test,42300221,3,weld_crack,fd4e10683107965efb73019aa0bd8f90b6c21f0ec486a48d48a63fc69a90cd7e,1,synthetic
weld_crack_0096.jpg,test,42300222,3,weld_crack,25371831cc98eaee6f7d7b2b41289e630deef524d8164fe686f2816c862800fc,1,synthetic
weld_crack_0097.jpg,val,42300223,3,weld_crack,b5acbd61799a711cdad4c58d63543db0285cc86613e62ee1542e4c526a4d527c,1,synthetic
weld_crack_0098.jpg,train,42300224,3,weld_crack,b40f599749ff69f826b74b23ebfd6b94859698524d9841eff707d87b3ab5296d,1,synthetic
weld_crack_0099.jpg,train,42300225,3,weld_crack,2b00dbe81a5118c02fe559a07f1a2fee29bc59fbea55588dd7b03aab0f6282aa,1,synthetic
corrosion_0000.jpg,train,42400126,4,corrosion,9dab7fbff4b3ed101d2a4c4cec3c688a535a536c924f8749a65ca413d9a2760a,1,synthetic
corrosion_0001.jpg,test,42400127,4,corrosion,a0ed4c6f2de05ab02729b3057707fcaf292a8a9c955a5ac104b5beb654d8e80b,1,synthetic
corrosion_0002.jpg,test,42400128,4,corrosion,92d227463a0b2918e81e8645e631ba152b026c211ac7a69d4f1840f5ae329e33,1,synthetic
corrosion_0003.jpg,train,42400129,4,corrosion,c0a1e7e8e251ae17abe56b01817401337cc56b66430ec2fd6968b2c782a1568a,1,synthetic
corrosion_0004.jpg,val,42400130,4,corrosion,6e15fb3c2f1a6e7382fc75832c743dacbbeeff36196e7f539a5688a95c2db4a6,1,synthetic
corrosion_0005.jpg,test,42400131,4,corrosion,b7ea590095ad26b107e13d0a02869a37844b2517d94636b3e311658328ce8974,1,synthetic
corrosion_0006.jpg,train,42400132,4,corrosion,1b904c0e7a974acad2911819a4b6753751438861010ecfb7286ad64d6a2a2db5,1,synthetic
corrosion_0007.jpg,train,42400133,4,corrosion,d106c51ce8bf2323aa88591bcdf7fb989ebcd977129b6ab30bb3cceaba98aaac,1,synthetic
corrosion_0008.jpg,train,42400134,4,corrosion,a50366ce092fb4f5f11277dc4d12de64273706a12d54e5162f7f7abd4d213462,1,synthetic
corrosion_0009.jpg,train,42400135,4,corrosion,a59c3a0a225fc07db737ac14a63827fec193c626894a6eb210708160c59505cc,1,synthetic
corrosion_0010.jpg,test,42400136,4,corrosion,2aeb30d4d732f6a1d596aef2970eabacc32d22bc9ce80fbcb3e69c991b95b644,1,synthetic
corrosion_0011.jpg,train,42400137,4,corrosion,28575e2e0d205fe03453b69ab4cbf85d78073b983897f73e032caf23c254b35e,1,synthetic
corrosion_0012.jpg,train,42400138,4,corrosion,36434aead4fca312310e2f3d52f661d44b0b8a140c189858b19668e1f9ed96f6,1,synthetic
corrosion_0013.jpg,train,42400139,4,corrosion,74e61fea3861398aa14df6d0411abb48827f67624a6eaaec721ab190be184e97,1,synthetic
corrosion_0014.jpg,train,42400140,4,corrosion,bb63b5a90e2ad44bcc31e2ed9aeedf87ca4d24a9f2f8e624b4f49e934fe7e633,1,synthetic
corrosion_0015.jpg,train,42400141,4,corrosion,4f94085c5d6b24bac99ae26e1dc069b478def9ee4292267c4114c991785a4a3e,1,synthetic
corrosion_0016.jpg,val,42400142,4,corrosion,b2dadecb7b25455f9c7551cc27f41f0d1afa1debb14e25b307a3276ee9955d5d,1,synthetic
corrosion_0017.jpg,val,42400143,4,corrosion,eedae5dda5d46d9cd4db05569e710272614c4eb4aa29536be8677eba5f18c31c,1,synthetic
corrosion_0018.jpg,train,42400144,4,corrosion,8534d38989e24a44f3ee052f5a3b3bb91012bf317c6201c3d62e1c5753d9156c,1,synthetic
corrosion_0019.jpg,train,42400145,4,corrosion,7faf6181789b6a60f96cf4d36730f169d19150a0834e8d3c1f253cf9f36a9947,1,synthetic
corrosion_0020.jpg,train,42400146,4,corrosion,f8110862237e635e6f8cafe9285793cb9bf902534497e10394cc9243f9e7ebc6,1,synthetic
corrosion_0021.jpg,test,42400147,4,corrosion,85f6b503296de5dddf3d8eca854bbbb118072f06dd3b363a49fb9ba65a5c6fc6,1,synthetic
corrosion_0022.jpg,train,42400148,4,corrosion,a8124f043e588c23cab647442efcccb33a6ae12cb87544dd1acc27279bf8d0a3,1,synthetic
corrosion_0023.jpg,train,42400149,4,corrosion,771124de22a4529b13736473484afb743cfa65ff6ec12334dcb98a2bb3a61600,1,synthetic
corrosion_0024.jpg,train,42400150,4,corrosion,a10e9b1e9ce5e925a522de35ede4c427ee5289415184ef08dd9b1c92df80e793,1,synthetic
corrosion_0025.jpg,train,42400151,4,corrosion,14f208f96d48d6d90e6d72a5f195dc920bd9c373ff1ab3bc4d0145d26597021b,1,synthetic
corrosion_0026.jpg,test,42400152,4,corrosion,5043c029a341356c66bb154cd949cb269cf61c48b8c5aa2a19e32b8beece7e30,1,synthetic
corrosion_0027.jpg,train,42400153,4,corrosion,a39be2ff846fb50ffbcc48a5419aacc6fa58ff7e26187d7d6149dc6b9cad9360,1,synthetic
corrosion_0028.jpg,train,42400154,4,corrosion,ff7fb34b2030365f7df1c37839a8682d9aa3c17e4e23600c83f2444b218b948a,1,synthetic
corrosion_0029.jpg,train,42400155,4,corrosion,46522b79345f6541b6cbecdc3a5102e2da5390661b742c00ed2d126111ea303b,1,synthetic
corrosion_0030.jpg,train,42400156,4,corrosion,ad05efd64c004a4c308679cbe2874f6ad5e33b9634e392249935bccd617a6864,1,synthetic
corrosion_0031.jpg,train,42400157,4,corrosion,eadbacd227d5a8dfc087018f27d2958d7a506bb443000fb8c84df1d15de252ff,1,synthetic
corrosion_0032.jpg,test,42400158,4,corrosion,87164acb777e16296342b2bdf621897066ff7be1c5298f4a644ad934eac27e12,1,synthetic
corrosion_0033.jpg,train,42400159,4,corrosion,ad6f7a2cbe306ef0a41c10474668fcc9d7ef13ff31aa15c24111d7a35a36c2fd,1,synthetic
corrosion_0034.jpg,train,42400160,4,corrosion,e6305ed7a3dbdaccc86315c13962d1c1bf8cad2080e45742246b61cd6581b50c,1,synthetic
corrosion_0035.jpg,val,42400161,4,corrosion,cc8835cb190bff33690662e57c9517ec95c1357c33f15070799b4256832a8761,1,synthetic
corrosion_0036.jpg,train,42400162,4,corrosion,10a8d8e6b91c6ff2dabe52232389476aeb78d469c39f0faae27e52cbe1c2aaaa,1,synthetic
corrosion_0037.jpg,test,42400163,4,corrosion,042e46a8cf30f11d0853f3e70bae2eab577790c3a67b3f3ee2d50b3df909fef4,1,synthetic
corrosion_0038.jpg,train,42400164,4,corrosion,f1c778d1bad20cd790a3b50e8f9ebbc56976b2622e6a8543db20bae9b1010696,1,synthetic
corrosion_0039.jpg,train,42400165,4,corrosion,2b86b0c0768e19f4e4c004f19573020b755958710079aab52ba4e12430a8435b,1,synthetic
corrosion_0040.jpg,train,42400166,4,corrosion,42e1745aa6f1078e4c27553745c9c5c09a54dc99f3e38bb878faa4d58be99cae,1,synthetic
corrosion_0041.jpg,test,42400167,4,corrosion,8eccb512017ccd9a51cb5e6ee2fa17efffd132211457aeb4f8918db0792bdd6f,1,synthetic
corrosion_0042.jpg,train,42400168,4,corrosion,14abf050f7e9d93ffe47f4b5e7c22238e952fb2c51c3bde57a0016e9ba0c1b98,1,synthetic
corrosion_0043.jpg,train,42400169,4,corrosion,39647b1412936bea8ba28c3b90ec982e828fb825736171f7f774d2b3e4b66139,1,synthetic
corrosion_0044.jpg,val,42400170,4,corrosion,96180a84e530042a0730998e0fc471c39848a74fa9e5c3c8bee9e03b7ee401d2,1,synthetic
corrosion_0045.jpg,train,42400171,4,corrosion,377c1dcb8a8e28d1168437893b4388932cdc5096ad360409720a116435cd81a5,1,synthetic
corrosion_0046.jpg,train,42400172,4,corrosion,5cdd9a8c9b96c73858118951ab6a30b97134921f64be664c8e639c2edab6ae8c,1,synthetic
corrosion_0047.jpg,val,42400173,4,corrosion,93ec36196cd34ddcb6e4ebef9539a59f4429b00ad90000d03e3b5b0e46d4ef30,1,synthetic
corrosion_0048.jpg,train,42400174,4,corrosion,6ef3e37935d57bb637796aa568bf637049ccde1ae3c15d0f045d1c16eaa70a5a,1,synthetic
corrosion_0049.jpg,train,42400175,4,corrosion,d5c404d632277785fda00dc79a075632d2e92f9fb97698461c39e45dd61026b8,1,synthetic
corrosion_0050.jpg,val,42400176,4,corrosion,e013176623042f8ed3debb70e428631d7bc2ad0de101404c2a3c621864ca445f,1,synthetic
corrosion_0051.jpg,train,42400177,4,corrosion,e91afbc033e14adbf15599c8c172ed59172db43052b49aeb42c419171d04f5f0,1,synthetic
corrosion_0052.jpg,train,42400178,4,corrosion,b4b42116cdb307c8bd18bbac159253854b19c08c657f670d3be8f027ca314db6,1,synthetic
corrosion_0053.jpg,train,42400179,4,corrosion,373f90f93c35da183ce528a7449debb65fb093e9d2747fb6bb1c36a821696526,1,synthetic
corrosion_0054.jpg,test,42400180,4,corrosion,f12f25e6b869a28d9493999118bddc5fe2fbac47df3ff2b3435d7c45a9ca885c,1,synthetic
corrosion_0055.jpg,train,42400181,4,corrosion,a14b0af086d5756fe29647b4f2cad91b8a0c078d81e04f0dc123d9d10054c825,1,synthetic
corrosion_0056.jpg,train,42400182,4,corrosion,b7d25d5b90d1da44a5cc4b1276e1c4e26186c300a694e03ff3c6f2e8aaac5956,1,synthetic
corrosion_0057.jpg,train,42400183,4,corrosion,85a25536b102dc586de0129736b5c6ed289d1efe1e0ded7657878bb6744ac735,1,synthetic
corrosion_0058.jpg,test,42400184,4,corrosion,3e1d54503aa817027d0250106bc1a5519554e430a681e6b983efb5403da3a2a3,1,synthetic
corrosion_0059.jpg,train,42400185,4,corrosion,6211e56a78876e59c3b476d9f1b6245c6c94e3c598e200d4a222ea9b62d5691a,1,synthetic
corrosion_0060.jpg,train,42400186,4,corrosion,e49241c5d9377c9ec526664ed7f8378ae927bd8226f2fa9f0f8d9649066156bd,1,synthetic
corrosion_0061.jpg,train,42400187,4,corrosion,2d70bbf8271889ecc298c9f70334c9eba00bc70a90097274214cc865ee634f11,1,synthetic
corrosion_0062.jpg,train,42400188,4,corrosion,c9e6e7ccefdf7c6bf635d565a56698e99a7ed3fb7fffaf9bf647397d1950fa77,1,synthetic
corrosion_0063.jpg,train,42400189,4,corrosion,93d363ff654a698610712c00d315a6a3faf927f92ed216e4723901817058b6f8,1,synthetic
corrosion_0064.jpg,train,42400190,4,corrosion,cd0a869e59e4886f6c0da3c01037d56711102be2ba784ebeaaf4842aa7469be0,1,synthetic
corrosion_0065.jpg,train,42400191,4,corrosion,f4e3a6165b1cd7bfed6235d822240f4ee450938b3df2704053968636df6e6e05,1,synthetic
corrosion_0066.jpg,train,42400192,4,corrosion,108ebf1e6e2f90b35f8b06c806f37788770674561b00ce1561621305627044d6,1,synthetic
corrosion_0067.jpg,val,42400193,4,corrosion,ac8860d5050ea7514437b0b609c45d00d464921bd48906fcb2c6ecf5e7ebc22c,1,synthetic
corrosion_0068.jpg,val,42400194,4,corrosion,f264d4ae349d27ea703c42c587d99e9e9a45c1b1b6b25bd163f3458658e21151,1,synthetic
corrosion_0069.jpg,val,42400195,4,corrosion,c077d614ea8073aed1a333376687e0a336dc8bf7c399fc0919b5deb16cf9611c,1,synthetic
corrosion_0070.jpg,train,42400196,4,corrosion,aa3db38afcc3ed29ad7fc93df8ef9af81e0d44a2b5496b093bee9e2481af6b27,1,synthetic
corrosion_0071.jpg,train,42400197,4,corrosion,460cef4e06c5f519fd9065152fc17c5217a381bb378bf1f5caf4c65039fa99ce,1,synthetic
corrosion_0072.jpg,test,42400198,4,corrosion,cff1608772d99fb98e4feb2d451f47178db87e0d7cf4ea85fc44479ce52ed38e,1,synthetic
corrosion_0073.jpg,train,42400199,4,corrosion,2445b648f5235b6fb9d039981398ad8f8bee6c2f1cdb3a6305d2180a689261a4,1,synthetic
corrosion_0074.jpg,test,42400200,4,corrosion,dfb71e081ce40ef540365f6affea243bb210344130edcb8e8f4f6566d410e9d3,1,synthetic
corrosion_0075.jpg,train,42400201,4,corrosion,52564524b723f5460f6c7196f6ce5ac110818a9e850a219e99d5ac57f805567c,1,synthetic
corrosion_0076.jpg,train,42400202,4,corrosion,0bd90ef3efddb99ca6036e156944d730aaf002c7702d896eee45ec86ca3af12b,1,synthetic
corrosion_0077.jpg,val,42400203,4,corrosion,f99791c8fb75732b89f9187738731c1ee44857c03f6f9dffab2bc5b5a72b76cd,1,synthetic
corrosion_0078.jpg,train,42400204,4,corrosion,e8a8a43a01844bd0009c9f69a9f2a540e2dc9cfee2e4a41788db3d1c1de2685e,1,synthetic
corrosion_0079.jpg,val,42400205,4,corrosion,07ccad423f393d2941ca3e1c786876d365f3a91176d33ce7699e3aeb4c199084,1,synthetic
corrosion_0080.jpg,val,42400206,4,corrosion,45695851f6f27258e1aad6c4ee0147608faf31e50761fb75d3774d24792d51f4,1,synthetic
corrosion_0081.jpg,train,42400207,4,corrosion,a68ae80fdd7fc27e2eaf730aa976f75d682250882e3c91d9b51deef4a0ad26fa,1,synthetic
corrosion_0082.jpg,train,42400208,4,corrosion,d8ed978668dafe145a2f1914cfecb6e3fd5f2739afdbea74912afcbf9dd0ded6,1,synthetic
corrosion_0083.jpg,train,42400209,4,corrosion,6ff02e598cc726832473073fb0cb8a968cd5caf77337f508e316cccd2a7d56c0,1,synthetic
corrosion_0084.jpg,train,42400210,4,corrosion,bd9afd4e77615faa66041620c5430d49fbf5fc6541c14b4b27a6e425b93027a0,1,synthetic
corrosion_0085.jpg,val,42400211,4,corrosion,ea14b7f314b93d3afb1bf6649f4867f6c687aad9ce048dbb40751d0e447f1aa0,1,synthetic
corrosion_0086.jpg,test,42400212,4,corrosion,3f12f9da3168ea80975bc748630d8f033629b1944784ea09998ea8d9afa46ec1,1,synthetic
corrosion_0087.jpg,train,42400213,4,corrosion,ad63e2b7a0b003aa31c66a3851aad816b54f1beaf751066fa48aa183ae4a7aef,1,synthetic
corrosion_0088.jpg,train,42400214,4,corrosion,966da856edfea464de109d2970b6e26b83cfe66dbe7ab4aac424035867bf495f,1,synthetic
corrosion_0089.jpg,train,42400215,4,corrosion,1618a75a9f123ab4fc127491bbaa09c5810cdd33ab95f9d29629354a88d94763,1,synthetic
corrosion_0090.jpg,train,42400216,4,corrosion,e79dd03ed63def49b39b5a0b074f572b1a5fb9fe8d7909bea6b5784e409d4ace,1,synthetic
corrosion_0091.jpg,val,42400217,4,corrosion,4a105d033723527c9f116d20ec6edc22cbf9bdcba0871a3c06a9fd12924753da,1,synthetic
corrosion_0092.jpg,train,42400218,4,corrosion,5df0d1de2cfe76f4c08aac3deee92cb7cff2ffb1a68ec5eee3093959e9fdc512,1,synthetic
corrosion_0093.jpg,train,42400219,4,corrosion,176e19687b478c56f733e36cf97db298d93c9fc2104aa12d7be31c8e65dd204f,1,synthetic
corrosion_0094.jpg,train,42400220,4,corrosion,b1e71f0121157fd27af03b13fd9e4c7128a767e96accfcdb515ac1781cd9d224,1,synthetic
corrosion_0095.jpg,train,42400221,4,corrosion,6a33f6be7561a1e5676457ba1ee509909967cc52ccee7488f5efa5a886e2618c,1,synthetic
corrosion_0096.jpg,train,42400222,4,corrosion,c9fef5ec5a7a488bc63b1e07329a221cc54917184efad110fbba4bf6e6540d7c,1,synthetic
corrosion_0097.jpg,test,42400223,4,corrosion,461e1e811ed6bf2d2f17250cbf9f919180b39d8bef543570b36acb4345d5038a,1,synthetic
corrosion_0098.jpg,train,42400224,4,corrosion,55f3ef1428282a0272e34cb8dadeeceb4a3d20ace8e51862f08f70a07c6e387a,1,synthetic
corrosion_0099.jpg,train,42400225,4,corrosion,d2f40d629247c25d97d79b44bf10abbc2c4ecf50ada1cf263563adf3c0f6231f,1,synthetic
misaligned_busbar_0000.jpg,train,42500126,5,misaligned_busbar,d5f64ebe777dbc7758ff2c9c0b824ae2ab5091d38eb12c7c10e385fd7fd8a041,1,synthetic
misaligned_busbar_0001.jpg,train,42500127,5,misaligned_busbar,34ea47a2d9a1d2d560d983984527a0654879d1fb59fa6d9f2614ee886bfa4cf1,1,synthetic
misaligned_busbar_0002.jpg,train,42500128,5,misaligned_busbar,411f0466657bbdbc6ff2c41d9e724ee47049da45a2bcbb50300bdc4de3802b83,1,synthetic
misaligned_busbar_0003.jpg,test,42500129,5,misaligned_busbar,1d1f0db244b7bc7fab0fe57863408b5c87a7bedccd5d0a5eadaefa7c502823d6,1,synthetic
misaligned_busbar_0004.jpg,train,42500130,5,misaligned_busbar,5335d6148ee56c4fd633932894ebbdc4231f546d204fe146d1ae6b8a2827108b,1,synthetic
misaligned_busbar_0005.jpg,train,42500131,5,misaligned_busbar,be37fe8f6bb24bfacf9b3136ba3ab487a8674510e3a149656d270be7c5717331,1,synthetic
misaligned_busbar_0006.jpg,train,42500132,5,misaligned_busbar,9320cc56a70bbaaf3dcae2a0bf7aea3786e2ace6a952bed2c26545caba74790c,1,synthetic
misaligned_busbar_0007.jpg,train,42500133,5,misaligned_busbar,7b579f03e383856991125593d1f2f3a07e4f63607eaafa1266fed904e6b2fb95,1,synthetic
misaligned_busbar_0008.jpg,train,42500134,5,misaligned_busbar,2988375ee6d962cfb8b11823cf4e439bd4af1ecd7f7ff0836077bc354170dea7,1,synthetic
misaligned_busbar_0009.jpg,val,42500135,5,misaligned_busbar,453f9c00d9ab5f06edac68563193c671c3014266dcf34319c6c7f03fea1560d6,1,synthetic
misaligned_busbar_0010.jpg,test,42500136,5,misaligned_busbar,0864d9618a125639d9981bb5fa40be708f319666b56b7ae22c24919ca8aa77b8,1,synthetic
misaligned_busbar_0011.jpg,train,42500137,5,misaligned_busbar,d638cd14c20fea2dbac3703db27193e79e5493d1e2616715f52887e7a02cd7cf,1,synthetic
misaligned_busbar_0012.jpg,train,42500138,5,misaligned_busbar,8d7964babbd3f9444b83581ee3aefb8ec8f68b949b5d6787ea0bd4d6d5e304f3,1,synthetic
misaligned_busbar_0013.jpg,train,42500139,5,misaligned_busbar,593be9682bb5fb000f747190a7f4eb832f699d7b2a04ed0edefa369e89b5c474,1,synthetic
misaligned_busbar_0014.jpg,train,42500140,5,misaligned_busbar,f33bd1adfeab3746fcdf5b4988c0fee840770a9705c1464827b2592454279e61,1,synthetic
misaligned_busbar_0015.jpg,val,42500141,5,misaligned_busbar,0519cb5ae95334d8682eb2310c3c09a7c75fa6bdfef5dd4fffa7a8c5f371de7b,1,synthetic
misaligned_busbar_0016.jpg,test,42500142,5,misaligned_busbar,bdf574653dca0bbe5f5ff9492d448f431e9cad65eef32077b23ff7fc28cf31aa,1,synthetic
misaligned_busbar_0017.jpg,test,42500143,5,misaligned_busbar,c01ce8a4b3683833b7e33bf24fff34d4a00d7bdf824fd8f6ef268a3a1fbead23,1,synthetic
misaligned_busbar_0018.jpg,train,42500144,5,misaligned_busbar,d415a2709dad2c99fe99b8f849010a920ddb16077d4da38592977e05fe19197a,1,synthetic
misaligned_busbar_0019.jpg,train,42500145,5,misaligned_busbar,276c0192a5ca29933ba1c5cbaebab9b4b33338cfe9698b9f7e4da63af3c021a7,1,synthetic
misaligned_busbar_0020.jpg,train,42500146,5,misaligned_busbar,1152011b386f738a32af495063a8c945c18d257f4781d2d4217c292ef1932e03,1,synthetic
misaligned_busbar_0021.jpg,test,42500147,5,misaligned_busbar,a55df886d15d34292a9d4bf6fc95897540c25dcf526a27f6f788bc26ad03bae0,1,synthetic
misaligned_busbar_0022.jpg,val,42500148,5,misaligned_busbar,f65ba904af3db0bbff229db444a1296371146bfe0c269f813aa5449701c63ab9,1,synthetic
misaligned_busbar_0023.jpg,train,42500149,5,misaligned_busbar,2a450f65ae8d5c3f7aac65af7d40262425adad05843843f74278141f48d8577d,1,synthetic
misaligned_busbar_0024.jpg,train,42500150,5,misaligned_busbar,e804c70bfb34e6a993fa0404872ed6e4588aeacb32fb5fea4ad5f6c144abf6bd,1,synthetic
misaligned_busbar_0025.jpg,train,42500151,5,misaligned_busbar,d3ca6a90bf450a6a22ebef18c9be68754ce06887f8c188f77426a43995558f4d,1,synthetic
misaligned_busbar_0026.jpg,train,42500152,5,misaligned_busbar,f8a2388e3559cd4824dd49ecdd9193a41f809e918e39a67f47826dea7747327b,1,synthetic
misaligned_busbar_0027.jpg,test,42500153,5,misaligned_busbar,7dc702b40f942c3a381f0dd19e04440ec78ee78674af809cd13e3eb9cc82e7a0,1,synthetic
misaligned_busbar_0028.jpg,val,42500154,5,misaligned_busbar,1e7c7ffb30c7a5433bb522191432e51fbbcc6de2edef159d4736c8cf0c793532,1,synthetic
misaligned_busbar_0029.jpg,train,42500155,5,misaligned_busbar,71dc8da16c3c9152cac8f097e595a5a3cc03b752c0d07e478728971f253a9633,1,synthetic
misaligned_busbar_0030.jpg,train,42500156,5,misaligned_busbar,61580dc187e95fd6bca31d9ebe4e261644a379cb583ddf8092d502eddba9d310,1,synthetic
misaligned_busbar_0031.jpg,train,42500157,5,misaligned_busbar,2a1826bd6bbcf9bcfb9f222d93ee7cc552573c0f805aa9a63f4c987453d8877e,1,synthetic
misaligned_busbar_0032.jpg,test,42500158,5,misaligned_busbar,54f3b5a5d3c5e0b4c1b74a414d6ece28682093509be1c3563b9aa8ab882594fb,1,synthetic
misaligned_busbar_0033.jpg,train,42500159,5,misaligned_busbar,d4a5c3dbcacfbe26c67797c469632a829de4a91fa294e171daf840a71a5dfa77,1,synthetic
misaligned_busbar_0034.jpg,train,42500160,5,misaligned_busbar,44289766c5b1435fa3fdc92b8254d1ae6b08aae1420488d07fc2cfddd90a954c,1,synthetic
misaligned_busbar_0035.jpg,val,42500161,5,misaligned_busbar,0757782d5a43c95635ba3e1dfe9fda03f5d672a0868579b410ba622293998f50,1,synthetic
misaligned_busbar_0036.jpg,train,42500162,5,misaligned_busbar,0c4ca4ad6b52855b36ff3549e78605bb2274b26dd7af8363b55ff2e64e866736,1,synthetic
misaligned_busbar_0037.jpg,val,42500163,5,misaligned_busbar,af3fbd446b9f86713e0981fed5cef14d74b770be264c1610fe6490ade965333e,1,synthetic
misaligned_busbar_0038.jpg,val,42500164,5,misaligned_busbar,bb4feca513c18c120b3129524088bd1d94a4d05263c16aa43c4516dd4077ffc1,1,synthetic
misaligned_busbar_0039.jpg,train,42500165,5,misaligned_busbar,84837a0f7c93215bc82692408ee30b575da132971c6ae276f0d5b99119fd3b33,1,synthetic
misaligned_busbar_0040.jpg,train,42500166,5,misaligned_busbar,d08a6a48fb27ab00dd76864e4704cf00dd631b6edc5993a691619c5bb02e6202,1,synthetic
misaligned_busbar_0041.jpg,train,42500167,5,misaligned_busbar,270fbc28385a97ff6ec7c55f3265f348d960cc45e6c3d889ae9db03441090327,1,synthetic
misaligned_busbar_0042.jpg,train,42500168,5,misaligned_busbar,c13a053e223834a9f5aac33c1bb1a93e33d6467aae3f5f5d76c1988f6302d1a0,1,synthetic
misaligned_busbar_0043.jpg,train,42500169,5,misaligned_busbar,5b15d2478d01fb92cfd6f10f326738f284997b1f8b67a7880f5399d46dfd7b4c,1,synthetic
misaligned_busbar_0044.jpg,train,42500170,5,misaligned_busbar,1cfba3743f72ecc12c3935be1cb5cd5cdbffae6ad17735b1ea159102e259cc2c,1,synthetic
misaligned_busbar_0045.jpg,val,42500171,5,misaligned_busbar,9ecc6b4421de96ae5d4f3dfc20da1e9dff3b38ba22c7382513270f10ab756235,1,synthetic
misaligned_busbar_0046.jpg,val,42500172,5,misaligned_busbar,992eaa8e5a8a5d263a59a270ef27dc6e83114f6d2428fd7908960033d5b8fb09,1,synthetic
misaligned_busbar_0047.jpg,test,42500173,5,misaligned_busbar,c34909e7e49178789e96fe6199309cf061e6c213e2ceadcfae8215eade5d9a21,1,synthetic
misaligned_busbar_0048.jpg,train,42500174,5,misaligned_busbar,7ff4041b017901c0fa7739c0b0e501dbde3bd26382c6e140801784ff85950443,1,synthetic
misaligned_busbar_0049.jpg,train,42500175,5,misaligned_busbar,7fb741d9606a05f595a935ea007deeed9d242cd41696d8ed18655ada8f1eed6d,1,synthetic
misaligned_busbar_0050.jpg,train,42500176,5,misaligned_busbar,9e84536346fdfdffcbf2caf708e53ae8dc21a9b695b14790b220384f0df0a514,1,synthetic
misaligned_busbar_0051.jpg,train,42500177,5,misaligned_busbar,5d444ad45cfd09b3838cf73590133401725a60ae811c5dd8e325b6b69c21ed07,1,synthetic
misaligned_busbar_0052.jpg,train,42500178,5,misaligned_busbar,df558de30b8527ffdfab90a45be9a87f526b6334ee13490c345a59ca03052099,1,synthetic
misaligned_busbar_0053.jpg,test,42500179,5,misaligned_busbar,3ea4a4a5968c3ec8d6811ccc0680bdc6282499db63a221d55b611ae896064227,1,synthetic
misaligned_busbar_0054.jpg,train,42500180,5,misaligned_busbar,7e19716c2357ecf7dc9c5bf8e4cbd2f31b9436bf90571a66c5ddd8d90536d6d3,1,synthetic
misaligned_busbar_0055.jpg,train,42500181,5,misaligned_busbar,e8c1a1c0f7b8fb5f87c731187cef252d6b19d6c614a54b74fc2f2cba7b246eb9,1,synthetic
misaligned_busbar_0056.jpg,test,42500182,5,misaligned_busbar,4d9874d28cccb3cc157deff113d081608373da25d6070c8124b4dac3bde33660,1,synthetic
misaligned_busbar_0057.jpg,train,42500183,5,misaligned_busbar,bf61d486ddb991cf956c782b8fc276dcf3098bd498cb320294bf76cd7b01eb65,1,synthetic
misaligned_busbar_0058.jpg,test,42500184,5,misaligned_busbar,a2bcd6039ebeda1621ce1460baa70728a7f54a59ce9d962d0c93a23a2d45ef65,1,synthetic
misaligned_busbar_0059.jpg,train,42500185,5,misaligned_busbar,00491c6b521e783d68f34b1cbca603085fc5acf638ba35e31dd0ad8a5ef95711,1,synthetic
misaligned_busbar_0060.jpg,val,42500186,5,misaligned_busbar,178f1f0d310425cc232b9f1d5d9aa1faabb9434066546790ef1745ae234623bc,1,synthetic
misaligned_busbar_0061.jpg,train,42500187,5,misaligned_busbar,04f0f1d969695f80985e1b441e3fdfb006c3b0d539c5e472aa0502a51344c9b8,1,synthetic
misaligned_busbar_0062.jpg,test,42500188,5,misaligned_busbar,d847c8983ed11f6e8e74571325b69e3b1375aa8e93c4cec6f1d78c8312f5c987,1,synthetic
misaligned_busbar_0063.jpg,train,42500189,5,misaligned_busbar,76e06ff0787351bdb0d502361e413f2a72531b044b0fc27d6dfa1c62f1273bcd,1,synthetic
misaligned_busbar_0064.jpg,train,42500190,5,misaligned_busbar,1568e8846a05bfaf5de0a71e6bfc9187cd9b08c9206790f347ab419141ce4896,1,synthetic
misaligned_busbar_0065.jpg,train,42500191,5,misaligned_busbar,b3a9cd1d8a483206618ce47f6eadeca6add1d1bed5adee8ec7000177b721fe16,1,synthetic
misaligned_busbar_0066.jpg,train,42500192,5,misaligned_busbar,a0da46f74864cb71b1bfe96721f1149d9085b0c57436860f5d29b70d52db9684,1,synthetic
misaligned_busbar_0067.jpg,train,42500193,5,misaligned_busbar,bf436b05df318eae106e8af82d9e89248d7d1eebb070f7ec640718b7f948ad7c,1,synthetic
misaligned_busbar_0068.jpg,train,42500194,5,misaligned_busbar,a5467bc40ade8debe7727e96decf7bb878edb0f30debf65e13169375a1761796,1,synthetic
misaligned_busbar_0069.jpg,train,42500195,5,misaligned_busbar,60841ef496358d210e3f8680dcfde089b6446e3a5950d703af15d5667cd0dea1,1,synthetic
misaligned_busbar_0070.jpg,val,42500196,5,misaligned_busbar,7300387c6443cb0dd86a7e7846681c25fd0ecf7b6ee1ffed0b96a5b1df48f7a7,1,synthetic
misaligned_busbar_0071.jpg,train,42500197,5,misaligned_busbar,6432aa124d93dd177d2a8b7a01f43f8cef496d75ad684a86b6f4f8c772fd9218,1,synthetic
misaligned_busbar_0072.jpg,val,42500198,5,misaligned_busbar,d74c8e11b4a379007917ab9d556fca19b125dc67da76e689a74a45b7bc4dd9c9,1,synthetic
misaligned_busbar_0073.jpg,train,42500199,5,misaligned_busbar,6828c1cd416223a3aabd3d06020cd8e92992aa9255aa021e1050c5ca70b06283,1,synthetic
misaligned_busbar_0074.jpg,train,42500200,5,misaligned_busbar,fd2d15dfaff7feed28dd6b90e51ef1d964aadb68ca1918f4806657d627cb33d9,1,synthetic
misaligned_busbar_0075.jpg,train,42500201,5,misaligned_busbar,25e2fae96d3279110fb2a9b3fc81cd8ccfe35218fe0e531d662c5b69b298f67a,1,synthetic
misaligned_busbar_0076.jpg,train,42500202,5,misaligned_busbar,1e5c805b5158a6b3ad6e9c90d01d1065a1182bbf16d414c3d178714c2fa9c0ce,1,synthetic
misaligned_busbar_0077.jpg,test,42500203,5,misaligned_busbar,dd65d6bd99de21949863c150f679f76e50465838818be9692892fdc7c79184e7,1,synthetic
misaligned_busbar_0078.jpg,train,42500204,5,misaligned_busbar,86908c2310c8bf5d1c933d7251ab258a8397a0dacc17036cba4431198573fd23,1,synthetic
misaligned_busbar_0079.jpg,val,42500205,5,misaligned_busbar,76951a70ef61a840c95d2b209944d46bbc928454f6f72e52920a34fd257eedc1,1,synthetic
misaligned_busbar_0080.jpg,train,42500206,5,misaligned_busbar,370f2280df1e4816d478ca5fb701b28d4c889333baca346824afdd30811e46ad,1,synthetic
misaligned_busbar_0081.jpg,train,42500207,5,misaligned_busbar,2f7c324e60befaf341260c0354ad59088aef3ae4167b1204ae799c31f67d7551,1,synthetic
misaligned_busbar_0082.jpg,train,42500208,5,misaligned_busbar,dac45de61a5d237a2dcacd0e3a5fc5afa8861003a5330fa3197e3ca86d1a8b90,1,synthetic
misaligned_busbar_0083.jpg,test,42500209,5,misaligned_busbar,9b31f7d6ecfcdb2eb95aec647b73a34871950c56cdbecbdd9ffc2f8e9a5bf5ad,1,synthetic
misaligned_busbar_0084.jpg,train,42500210,5,misaligned_busbar,8d02189243f36be0239103ac6ebb01673fb05886d37606558000a25d32aa5871,1,synthetic
misaligned_busbar_0085.jpg,val,42500211,5,misaligned_busbar,ed20ce810b35f414cc15657dccc026a55a59dbf493f216d53dfbd4086ea4c614,1,synthetic
misaligned_busbar_0086.jpg,train,42500212,5,misaligned_busbar,c40fa87df80bd9b6e09a8724788f6a2866e5ae0ee9c6798493042e62e3ec6a7d,1,synthetic
misaligned_busbar_0087.jpg,train,42500213,5,misaligned_busbar,4aa9884ebdce2fd9e2bfff9fba451acd413ee0bd133387eb30beacf465b9d2a3,1,synthetic
misaligned_busbar_0088.jpg,train,42500214,5,misaligned_busbar,d0ddcf089dd64d82ec72df29b8bba3f958c930f55c89521ab19f5ce0bbcc5023,1,synthetic
misaligned_busbar_0089.jpg,train,42500215,5,misaligned_busbar,d31d29b71ef7635af45c3a17aa1cfb85a064c840bf2671c481f051ffb00dc968,1,synthetic
misaligned_busbar_0090.jpg,train,42500216,5,misaligned_busbar,0f895aad5d77141ab352123c0ebf8de250cfb8781b669c636cab45bd9e6b92dd,1,synthetic
misaligned_busbar_0091.jpg,train,42500217,5,misaligned_busbar,a0ece9e9735020a10e7a0b955dbd882cdb9067e6834c5ab66f35f60bfaebb2e2,1,synthetic
misaligned_busbar_0092.jpg,train,42500218,5,misaligned_busbar,6bbc316151238f1942589f1748e06b5aabe0f119d84f44c47bb993569eff3797,1,synthetic
misaligned_busbar_0093.jpg,val,42500219,5,misaligned_busbar,001f362f5663e5134ff5abf3e70fbf0bbd7bebed947697dc71c901afd2c01dc5,1,synthetic
misaligned_busbar_0094.jpg,test,42500220,5,misaligned_busbar,64c08de72f1a54c9bd928b59153394b86f4c5d1f278752c99fdad084f3ce2416,1,synthetic
misaligned_busbar_0095.jpg,train,42500221,5,misaligned_busbar,c08cec53e845caab66ba14ce127e2425d83184d04876b7d6bcd6cb673a3d605a,1,synthetic
misaligned_busbar_0096.jpg,train,42500222,5,misaligned_busbar,ff515d748a5665a1be667424cf19318f57fd5c2813c87984cf411d474d0b6710,1,synthetic
misaligned_busbar_0097.jpg,train,42500223,5,misaligned_busbar,447d1b0108a24e54357b516d89f05ed7b81e4086e8bf69afb6510b0d9982c36a,1,synthetic
misaligned_busbar_0098.jpg,train,42500224,5,misaligned_busbar,e6f429c0aa35b0589b8ce50acd67ae361e4ff0f4b79a256b2831f3a57a417d68,1,synthetic
misaligned_busbar_0099.jpg,train,42500225,5,misaligned_busbar,d98ae20ad351009431b0311ade6afa8852784228dcfca2d1c43de44b36a2c57c,1,synthetic
missing_or_loose_component_0000.jpg,test,42600126,6,missing_or_loose_component,e0f1162de2749b077d6c4445236a44e2af80adf11fcfd805a3854859f3304333,1,synthetic
missing_or_loose_component_0001.jpg,val,42600127,6,missing_or_loose_component,3904bf4670d4460112a3158fabd7b16f1791d902f4275807d8b8bf640c6c4ff9,1,synthetic
missing_or_loose_component_0002.jpg,train,42600128,6,missing_or_loose_component,cc502b57af544980f2ecc1e67b63c47c493d6fb54c796b919b008112100af665,1,synthetic
missing_or_loose_component_0003.jpg,train,42600129,6,missing_or_loose_component,3cafd5e937e81d0565d0015e0b4dd23ce29b1a3210b9b09cce2a362576c46566,1,synthetic
missing_or_loose_component_0004.jpg,train,42600130,6,missing_or_loose_component,8d759f8c25b655f3e51386f003386879810cf4c9bbd0113f1a8adc54e121eeda,1,synthetic
missing_or_loose_component_0005.jpg,train,42600131,6,missing_or_loose_component,77b66a09cb3a10119047c104b9503576304034c21c14b04e9c5a4741ba55017e,1,synthetic
missing_or_loose_component_0006.jpg,val,42600132,6,missing_or_loose_component,82308b8b89d6536da7a6b08c3b8262b9146d2c767639ce9c0553ac15604d81f1,1,synthetic
missing_or_loose_component_0007.jpg,train,42600133,6,missing_or_loose_component,75ac34c96032ff1061bfbedcb4a734ede3605973389b3a7f3c8ad36b7f62571f,1,synthetic
missing_or_loose_component_0008.jpg,test,42600134,6,missing_or_loose_component,005c960e528468616be7f04884169bdaf46d06430f747283aeb171b32b29d666,1,synthetic
missing_or_loose_component_0009.jpg,train,42600135,6,missing_or_loose_component,67dac96fd254c6d2d185ec06744c793512f05049a2c276957020b165d7fb9d83,1,synthetic
missing_or_loose_component_0010.jpg,train,42600136,6,missing_or_loose_component,1e0abee89e97bf7ef41c6effb4926f7286d47a1df99e8cc399634c90144b9ff9,1,synthetic
missing_or_loose_component_0011.jpg,train,42600137,6,missing_or_loose_component,c79eb6ebb15052e300f3b77ddf524c35828114dc9fb527fba40cf9dfa0b8b8e5,1,synthetic
missing_or_loose_component_0012.jpg,train,42600138,6,missing_or_loose_component,f7ae0aa78a3088ca8e88a1bb2eb6ab485052c8c3587fb953546050ec90ef1ead,1,synthetic
missing_or_loose_component_0013.jpg,val,42600139,6,missing_or_loose_component,7f5ad3274926a194d06f4520d9a583c093d2776752601c1ee4bcac1b86f99414,1,synthetic
missing_or_loose_component_0014.jpg,test,42600140,6,missing_or_loose_component,348eea6358d300c5b31110b2e326b0c0739ec4a7dbe97cb0171f6c2a7280c9af,1,synthetic
missing_or_loose_component_0015.jpg,train,42600141,6,missing_or_loose_component,4ae040771bf308694d2359ba2025baf60bafd89d4c6de897748f81cde521542e,1,synthetic
missing_or_loose_component_0016.jpg,train,42600142,6,missing_or_loose_component,43bdadbbcdb5b56de4f371fef18ccd50fe5ee3fdd6e1df475e4652d7bdd6ea9c,1,synthetic
missing_or_loose_component_0017.jpg,train,42600143,6,missing_or_loose_component,890e702e161ccd412029a8c71934df248c5895b86815adf55ded1503bcb5ba0c,1,synthetic
missing_or_loose_component_0018.jpg,train,42600144,6,missing_or_loose_component,0cbcc15ac194597dadb8a9f684e4ce312e5c04a10fcbdee463029804fec062b7,1,synthetic
missing_or_loose_component_0019.jpg,test,42600145,6,missing_or_loose_component,d5370065c1c5907f9dc767a9da09cb240c9a401139843a8d848eb20b5ee9088a,1,synthetic
missing_or_loose_component_0020.jpg,test,42600146,6,missing_or_loose_component,6ba704500f0e9f717ac191c6bea39d231d90f4ca4cf8dd95f75db8229457c37d,1,synthetic
missing_or_loose_component_0021.jpg,test,42600147,6,missing_or_loose_component,1035bc9da8404fc8078e5641f3c67c3cce3747abf706a87120f145a3092363c7,1,synthetic
missing_or_loose_component_0022.jpg,val,42600148,6,missing_or_loose_component,ba1da75760a918e79e8659c9f7ee1c0e9f4ceddd645614f8fe354948beec433c,1,synthetic
missing_or_loose_component_0023.jpg,train,42600149,6,missing_or_loose_component,b1fb58a9a07f83054c38de7953b64b478f4c5d9e9389beb2c448429250ac7787,1,synthetic
missing_or_loose_component_0024.jpg,train,42600150,6,missing_or_loose_component,919d907c7096497c68cc4a8a56732e6c16b4075883df39b80246145ff51c766d,1,synthetic
missing_or_loose_component_0025.jpg,train,42600151,6,missing_or_loose_component,b4b22dc1aaca9ef6176c983a95bdfe46e84cfba6dbcc176a966b8325039700cb,1,synthetic
missing_or_loose_component_0026.jpg,test,42600152,6,missing_or_loose_component,3f2eb66de157522595259bff6eafbcf3ff599c1d992cd7e1189644ddca7ec441,1,synthetic
missing_or_loose_component_0027.jpg,train,42600153,6,missing_or_loose_component,18c75c485e6fdf9558dd6151a379b8356532207fecd9d07cb547837bb01ac668,1,synthetic
missing_or_loose_component_0028.jpg,train,42600154,6,missing_or_loose_component,5d7bc19e6e639ecba7e5d864c2bc8be8ef7c07235d4a19e4e00c01842a4a2f4d,1,synthetic
missing_or_loose_component_0029.jpg,train,42600155,6,missing_or_loose_component,f7d0ba9ef1e868546b7c71f9ab6224b080ee5c06a1e8aff337cc079b0b7dc7de,1,synthetic
missing_or_loose_component_0030.jpg,train,42600156,6,missing_or_loose_component,b3dbb58423379355db52b8ec21bd4244d77c0da02c3a9af182989ac079d3d72c,1,synthetic
missing_or_loose_component_0031.jpg,test,42600157,6,missing_or_loose_component,138b9b6297fdd464de0040d810b10f285e23f74b0a24957e62a86a72ecf0ad85,1,synthetic
missing_or_loose_component_0032.jpg,train,42600158,6,missing_or_loose_component,c0ffcdbd507be024fcab48e6b88061dffc51f6e33db4dbb72c4c7279310945b1,1,synthetic
missing_or_loose_component_0033.jpg,test,42600159,6,missing_or_loose_component,037a9597e3943e5a21137770e8411af115b2d949fc7e2ee67f23ea896e2736c0,1,synthetic
missing_or_loose_component_0034.jpg,train,42600160,6,missing_or_loose_component,4cc90804b75ad59e396aecfc6f2e0a753ca03a82584791d3cba178e05fa152f7,1,synthetic
missing_or_loose_component_0035.jpg,train,42600161,6,missing_or_loose_component,295a557522c5424e48cdd0205067aee9e3a3bb4f03c738ae6c8776b8599f3153,1,synthetic
missing_or_loose_component_0036.jpg,train,42600162,6,missing_or_loose_component,0742e841776c1c750561f0d88cdec086c458a70d6f32033c0334f6210c002818,1,synthetic
missing_or_loose_component_0037.jpg,train,42600163,6,missing_or_loose_component,2b5b5255fa573ae4b8a2d046562764bf26c2222c317a82fbe5fc5ab3c6fba37c,1,synthetic
missing_or_loose_component_0038.jpg,train,42600164,6,missing_or_loose_component,a6a6d0ed1518f27e86cb6e1f7955bd222aed6ab6a49afd1f1375215ff142cc34,1,synthetic
missing_or_loose_component_0039.jpg,train,42600165,6,missing_or_loose_component,39d60d8821684e9383f8b86c48fde9193ff1ef0088a129a500c7debdf26612db,1,synthetic
missing_or_loose_component_0040.jpg,train,42600166,6,missing_or_loose_component,547143af72a73a9b17144d41f5eb2b53fbdd4b7cb16d5a13afcc3fc09b068069,1,synthetic
missing_or_loose_component_0041.jpg,train,42600167,6,missing_or_loose_component,15caf54d23b492640985054a186d55a245ea45a6bf1e3e1cc6bd47fc2d4d91ef,1,synthetic
missing_or_loose_component_0042.jpg,test,42600168,6,missing_or_loose_component,fdda3dd61a4d5e302d6606d5eb0542ba426942a40af464e70def49f62d7a2d18,1,synthetic
missing_or_loose_component_0043.jpg,train,42600169,6,missing_or_loose_component,2adbeb5536c3a6678da0df47537e1992c7d855186cf95a0795856ba4fdbec415,1,synthetic
missing_or_loose_component_0044.jpg,train,42600170,6,missing_or_loose_component,192aac4415cdc492eed1f971f8db52a06faabc8b6c67b91d7df9b3a4178251ae,1,synthetic
missing_or_loose_component_0045.jpg,val,42600171,6,missing_or_loose_component,ba598d0cf419f4d015a5253524082c5f4efed4c4fc069ab74cc2db5c792febcd,1,synthetic
missing_or_loose_component_0046.jpg,train,42600172,6,missing_or_loose_component,0ce793f1da3bdf30efef83a7a875c3338fd788cb1bc112669c43d49c23f7964c,1,synthetic
missing_or_loose_component_0047.jpg,val,42600173,6,missing_or_loose_component,1aa5133100d785978454741948270e6afa0b3ddb5e25ab846f3501de631442f0,1,synthetic
missing_or_loose_component_0048.jpg,val,42600174,6,missing_or_loose_component,be8125b742a5de204f4a66665280bb124ee55a0eaff3ee4b4624d0fa11a66fe1,1,synthetic
missing_or_loose_component_0049.jpg,train,42600175,6,missing_or_loose_component,bab28b50d4733dd4fdcd9bf18d1d513b0c87e9036c8c23e069cd4e1e2609a8c0,1,synthetic
missing_or_loose_component_0050.jpg,test,42600176,6,missing_or_loose_component,3035c5a892f2bb554d8aa79aba5e15d51bd34085e9225e1877fe72175757f14a,1,synthetic
missing_or_loose_component_0051.jpg,train,42600177,6,missing_or_loose_component,bc839a7fcaf15364b0645bce422e1f595daeaba05806bf0bf59474e72c65729e,1,synthetic
missing_or_loose_component_0052.jpg,train,42600178,6,missing_or_loose_component,baacff4a58950a2fa9dba94f553117c5e3d6f89e0c1ea537077d2a84773e2424,1,synthetic
missing_or_loose_component_0053.jpg,train,42600179,6,missing_or_loose_component,7ad06094a8f3061527ee77951be5ef3882093e352582195eaf4595f32346902d,1,synthetic
missing_or_loose_component_0054.jpg,train,42600180,6,missing_or_loose_component,e4af8e7211a9fbde11872f3a3bcd4c74814585a0e989196dcff01dc771c1aa9c,1,synthetic
missing_or_loose_component_0055.jpg,train,42600181,6,missing_or_loose_component,203f248fa6b1549679418551711d60af2bce4cfec7e3a0979309eb889847807e,1,synthetic
missing_or_loose_component_0056.jpg,val,42600182,6,missing_or_loose_component,b2d93e9a4316cb7dc75593c13a9284b0d896f8bf3398d41c3da6356b4b9ab3c3,1,synthetic
missing_or_loose_component_0057.jpg,train,42600183,6,missing_or_loose_component,075aa86d228e5523da82efb820bee6b03f7cbcfd0531e982ffc3552499c9f1ae,1,synthetic
missing_or_loose_component_0058.jpg,train,42600184,6,missing_or_loose_component,aba8f70dbef984c99387c2c708c219aad58b5b50d5622d6e2f8043b2498dc5bc,1,synthetic
missing_or_loose_component_0059.jpg,train,42600185,6,missing_or_loose_component,070d14f45e03a159d42de6196845c614dfcc8bc0f88090323ab01e180f70005b,1,synthetic
missing_or_loose_component_0060.jpg,val,42600186,6,missing_or_loose_component,9e8d832aaf6bc9da5bdc64aa7acc138dc41dfbeecabd3d94938aeb7474a9b0d1,1,synthetic
missing_or_loose_component_0061.jpg,train,42600187,6,missing_or_loose_component,5dda884fdf6efc5defd9144f391698851c637bf2355f3bd4efa0ee32f1b0bc56,1,synthetic
missing_or_loose_component_0062.jpg,test,42600188,6,missing_or_loose_component,515bf0c58d53770af160591841a2812f8f431af360786cfebc3f2cac95b802ec,1,synthetic
missing_or_loose_component_0063.jpg,train,42600189,6,missing_or_loose_component,e5524ec4e5793a86eb8257e5586709b8802bf9f6a54ea178a720ebb89e2ebeb6,1,synthetic
missing_or_loose_component_0064.jpg,train,42600190,6,missing_or_loose_component,ba9e200240b3b19552e54d21975052a473f59d4aa17794d380f2be9d5bd56492,1,synthetic
missing_or_loose_component_0065.jpg,train,42600191,6,missing_or_loose_component,3e6fad0945d314808690f18dcd85c2d47ba4cd729aa53b74e37b324d2d90b194,1,synthetic
missing_or_loose_component_0066.jpg,train,42600192,6,missing_or_loose_component,0bdf31b189b1c7559433ad219abe0035346f682249bc43adb8bfa9aac984d95d,1,synthetic
missing_or_loose_component_0067.jpg,val,42600193,6,missing_or_loose_component,ee10331d9a831593f950bbe8478246c8406c438c52b069e610d6e1885acd9890,1,synthetic
missing_or_loose_component_0068.jpg,train,42600194,6,missing_or_loose_component,b824cc0a464322bf60a57711170b616e4b188268f79e9a9769bf7c8f08c9b969,1,synthetic
missing_or_loose_component_0069.jpg,train,42600195,6,missing_or_loose_component,04ac5b77be983bab329c1d61ed874ff46dd0bdabdb4a39116de19a04ef88b5f0,1,synthetic
missing_or_loose_component_0070.jpg,test,42600196,6,missing_or_loose_component,a8971857fe1031a779837bee06fd64fc2a50c111771c52d0ed6c5f0fb1b5855b,1,synthetic
missing_or_loose_component_0071.jpg,val,42600197,6,missing_or_loose_component,d01d51d4afb4e3b0d362426e2a1afbcd2f4275a2a3acba38fd30943107bc6b8f,1,synthetic
missing_or_loose_component_0072.jpg,train,42600198,6,missing_or_loose_component,5810134e24e693034a222f4da1b5731dc43bc013e631508bc0748c3540457743,1,synthetic
missing_or_loose_component_0073.jpg,train,42600199,6,missing_or_loose_component,2680b926af83a1a0c5c62dadade076d7064d251be01857d3ee6ca7ee6ab9ceb8,1,synthetic
missing_or_loose_component_0074.jpg,train,42600200,6,missing_or_loose_component,4c08458b3b49bcf18e77267eb7a7257645322163a042722d4fd683f045a28d69,1,synthetic
missing_or_loose_component_0075.jpg,train,42600201,6,missing_or_loose_component,eb96fba075c6303717b13f27811c4bc78f90dd701fae6204d6933138bae03fc4,1,synthetic
missing_or_loose_component_0076.jpg,train,42600202,6,missing_or_loose_component,153489e4abc5e5d28dd554eaa3bf27809fd005ea16d3c693aabec804eb6e872a,1,synthetic
missing_or_loose_component_0077.jpg,val,42600203,6,missing_or_loose_component,67947875cb9ce031733f9e6b6d08e74f301877fdd93ef728d405b1c1c7da5263,1,synthetic
missing_or_loose_component_0078.jpg,train,42600204,6,missing_or_loose_component,ce6f112d5fc0ed8824837be23d705f14cb7ba690bb5df9a166bc0f96aace2703,1,synthetic
missing_or_loose_component_0079.jpg,train,42600205,6,missing_or_loose_component,6e37130a6959e28e1e19755fcb2ab04632e759e7944120692ddae73cb8ae556a,1,synthetic
missing_or_loose_component_0080.jpg,train,42600206,6,missing_or_loose_component,bc3554d25f60787029960849e4e9df67da74da7e9351c668d7e3c39d9fe2f179,1,synthetic
missing_or_loose_component_0081.jpg,val,42600207,6,missing_or_loose_component,cd4af857cb51b6458caad59b533e0bc750f77f380da6b961e55c23947d7a89fd,1,synthetic
missing_or_loose_component_0082.jpg,train,42600208,6,missing_or_loose_component,e34d0c1798cbdeeda020dee5973f10e32b75ebe5d16c88b07aafd445cc51a64d,1,synthetic
missing_or_loose_component_0083.jpg,train,42600209,6,missing_or_loose_component,bd1cb344b9fb141d0db891aff27f10e6ff6985138db2e82b675135a5a0a029b7,1,synthetic
missing_or_loose_component_0084.jpg,train,42600210,6,missing_or_loose_component,6485b06c7ae8029173aad6930fbd3eed1b81d02974bcaa3f1f21c39c9f810485,1,synthetic
missing_or_loose_component_0085.jpg,train,42600211,6,missing_or_loose_component,fc9adc47f621dcce1a18b20415ee2304b3073d734f62824d9a2857b735c3906b,1,synthetic
missing_or_loose_component_0086.jpg,train,42600212,6,missing_or_loose_component,fb7f5198aff6795e2ff28a09c2082461b3c2901cdf913cdddcf1790b339a924f,1,synthetic
missing_or_loose_component_0087.jpg,train,42600213,6,missing_or_loose_component,e627f4ceca43df9de28c5d1d76a733a11857171049d8e4b7cde98b0ed2a5ef11,1,synthetic
missing_or_loose_component_0088.jpg,train,42600214,6,missing_or_loose_component,316200f3321461fdfaf23ce80f7cf2a24828a41cba45208a2d044776376aa644,1,synthetic
missing_or_loose_component_0089.jpg,val,42600215,6,missing_or_loose_component,0ec0a60db749576173fa8ea0edc65d5d7567c1509dc4c82f2fd3f316bd927e04,1,synthetic
missing_or_loose_component_0090.jpg,train,42600216,6,missing_or_loose_component,a1a05e3f881fba5954f4785c8a00521fc73ec1ca12854a250e5ebef1119643f9,1,synthetic
missing_or_loose_component_0091.jpg,val,42600217,6,missing_or_loose_component,ef20e9c969523f305a85a1ffcae9eb5af7128d853882f880dce1d6d1760bbda7,1,synthetic
missing_or_loose_component_0092.jpg,train,42600218,6,missing_or_loose_component,aea32553b6d46a6427d403b688b37b7d527fa041668686dd7e60deec4062fe2a,1,synthetic
missing_or_loose_component_0093.jpg,test,42600219,6,missing_or_loose_component,b78bed1b60bf4b13fc56069df9b9d7cff19b6a4bc0eb5d788028e418c0de8e9e,1,synthetic
missing_or_loose_component_0094.jpg,train,42600220,6,missing_or_loose_component,2a2ef12d1df066d0fd09665ad6c8364b7b4fc99d0da73f664dfedae4ff32d15d,1,synthetic
missing_or_loose_component_0095.jpg,train,42600221,6,missing_or_loose_component,f992bed20462d9280d468037083c985019b61a3f2bb84097008b0473e3c067e0,1,synthetic
missing_or_loose_component_0096.jpg,train,42600222,6,missing_or_loose_component,db957f0b27317a5308b7b33aab3958109bf28e3dea526fa094a2542a32b7c328,1,synthetic
missing_or_loose_component_0097.jpg,train,42600223,6,missing_or_loose_component,ef618862b15ed39d7334efff008a53004671d5c6e94b18dfbed2f51a2976f4a8,1,synthetic
missing_or_loose_component_0098.jpg,test,42600224,6,missing_or_loose_component,2037921a9677f6dc998782be658cbeb59174fc8fe97b74986e7532ba6d8020c4,1,synthetic
missing_or_loose_component_0099.jpg,train,42600225,6,missing_or_loose_component,39281a0a4cb28619890c10eb70eef146a39998359c89a58ad0009da08ee9b7c3,1,synthetic
