annotated_file,original_file,source_page,source_url,creator,license,license_url,retrieved_date,original_sha256,modifications
unlabeled__001-electrical-switchgear.jpg,unlabeled/001-electrical-switchgear.jpg,https://commons.wikimedia.org/wiki/File:Electrical_switchgear.JPG,https://upload.wikimedia.org/wikipedia/commons/7/71/Electrical_switchgear.JPG?utm_source=commons.wikimedia.org&utm_campaign=imageinfo&utm_content=original,P199,Public domain,https://creativecommons.org/publicdomain/mark/1.0/,2026-10-08,ced03ec555d24f41bfd7357648cdb080316ea87bb175cdebd0d5e49f0d7b9c5b,Resized (maximum long side 1600 pixels) and annotated with predicted boxes.
unlabeled__002-high-voltage-switchgear.jpg,unlabeled/002-high-voltage-switchgear.jpg,https://commons.wikimedia.org/wiki/File:High_voltage_switchgear.jpg,https://upload.wikimedia.org/wikipedia/commons/1/11/High_voltage_switchgear.jpg?utm_source=commons.wikimedia.org&utm_campaign=imageinfo&utm_content=original,Novoklimov,CC0,https://creativecommons.org/publicdomain/zero/1.0/deed.en,2026-10-08,2b5afebb6b3938e0584062585fec22c5cfcca1e9c14478b69177a316a081880a,Resized (maximum long side 1600 pixels) and annotated with predicted boxes.
unlabeled__003-4-16kv-switchgear.jpg,unlabeled/003-4-16kv-switchgear.jpg,https://commons.wikimedia.org/wiki/File:4.16kV_switchgear.jpg,https://upload.wikimedia.org/wikipedia/commons/7/7a/4.16kV_switchgear.jpg?utm_source=commons.wikimedia.org&utm_campaign=imageinfo&utm_content=original,Rsparks3,CC0,https://creativecommons.org/publicdomain/zero/1.0/deed.en,2026-10-08,8ca15d96a97b687773aa5f1a4264177aabefb0b67e95d193ba149f72cdfb7017,Resized (maximum long side 1600 pixels) and annotated with predicted boxes.
unlabeled__005-substation-busbars-and-breakers.jpg,unlabeled/005-substation-busbars-and-breakers.jpg,https://commons.wikimedia.org/wiki/File:Substation_busbars_and_breakers.jpg,https://upload.wikimedia.org/wikipedia/commons/f/f1/Substation_busbars_and_breakers.jpg?utm_source=commons.wikimedia.org&utm_campaign=imageinfo&utm_content=original,Rsparks3,CC0,https://creativecommons.org/publicdomain/zero/1.0/deed.en,2026-10-08,2a18c9e4643adaad2e35e61f0afdf00ab1a5e0d067c6014a056b0a8ae9b64609,Resized (maximum long side 1600 pixels) and annotated with predicted boxes.
corrosion__008-geevor-tin-mine-electrical-switchgear.jpg,corrosion/008-geevor-tin-mine-electrical-switchgear.jpg,https://commons.wikimedia.org/wiki/File:Geevor_tin_mine_electrical_switchgear.jpg,https://upload.wikimedia.org/wikipedia/commons/5/57/Geevor_tin_mine_electrical_switchgear.jpg?utm_source=commons.wikimedia.org&utm_campaign=imageinfo&utm_content=original,Rich257,CC BY-SA 3.0,https://creativecommons.org/licenses/by-sa/3.0,2026-10-08,296c685e576aac9b737c5ed1952bc8d25683921d24f7315c86609acac849f325,Resized (maximum long side 1600 pixels) and annotated with predicted boxes.
unlabeled__010-6kv-switchgear-geograph-org-uk-3665164.jpg,unlabeled/010-6kv-switchgear-geograph-org-uk-3665164.jpg,https://commons.wikimedia.org/wiki/File:6KV_switchgear_-_geograph.org.uk_-_3665164.jpg,https://upload.wikimedia.org/wikipedia/commons/e/e8/6KV_switchgear_-_geograph.org.uk_-_3665164.jpg?utm_source=commons.wikimedia.org&utm_campaign=imageinfo&utm_content=original,Bob Harvey,CC BY-SA 2.0,https://creativecommons.org/licenses/by-sa/2.0,2026-10-08,09a96ce3e2ba5c83320d84ce136ee12f31d0b9cc4046c2c197a9793504fd0256,Resized (maximum long side 1600 pixels) and annotated with predicted boxes.
unlabeled__011-electrical-main-and-distribution-panel-for-480-volt.jpg,unlabeled/011-electrical-main-and-distribution-panel-for-480-volt.jpg,https://commons.wikimedia.org/wiki/File:Electrical_Main_and_distribution_panel_for_480_volt.JPG,https://upload.wikimedia.org/wikipedia/commons/6/61/Electrical_Main_and_distribution_panel_for_480_volt.JPG?utm_source=commons.wikimedia.org&utm_campaign=imageinfo&utm_content=original,Zaereth,CC BY-SA 4.0,https://creativecommons.org/licenses/by-sa/4.0,2026-10-08,216637e56af320971e3510cec2d2bc18b4629d93a0312fe61c8906024d95f445,Resized (maximum long side 1600 pixels) and annotated with predicted boxes.
unlabeled__012-antique-electrical-switchboard.jpg,unlabeled/012-antique-electrical-switchboard.jpg,https://commons.wikimedia.org/wiki/File:Antique-Electrical-Switchboard.jpg,https://upload.wikimedia.org/wikipedia/commons/9/91/Antique-Electrical-Switchboard.jpg?utm_source=commons.wikimedia.org&utm_campaign=imageinfo&utm_content=original,Ichudov,CC BY-SA 4.0,https://creativecommons.org/licenses/by-sa/4.0,2026-10-08,ebd3da0f00bbf4e3471d6ec93036401ff81d4651e15508b00da75f9d969348c5,Resized (maximum long side 1600 pixels) and annotated with predicted boxes.
unlabeled__013-2500a-copper-busbars-in-motor-control-panel.jpg,unlabeled/013-2500a-copper-busbars-in-motor-control-panel.jpg,https://commons.wikimedia.org/wiki/File:2500A_copper_busbars_in_motor_control_panel.jpg,https://upload.wikimedia.org/wikipedia/commons/1/13/2500A_copper_busbars_in_motor_control_panel.jpg?utm_source=commons.wikimedia.org&utm_campaign=imageinfo&utm_content=original,"ToT89. Saved JPEG was rotated to honor EXIF orientation 6, so the sha256 is of the upright file rather than the original upload bytes",CC BY-SA 4.0,https://creativecommons.org/licenses/by-sa/4.0,2026-10-08,43813527c50c995a32dd70a084c9c670a0830a94170c961df54e6ebb06f136bb,Resized (maximum long side 1600 pixels) and annotated with predicted boxes.
unlabeled__014-3-phase-ac-sub-bus-bar-001.jpg,unlabeled/014-3-phase-ac-sub-bus-bar-001.jpg,https://commons.wikimedia.org/wiki/File:3_Phase_AC_Sub_Bus_Bar_001.jpg,https://upload.wikimedia.org/wikipedia/commons/2/22/3_Phase_AC_Sub_Bus_Bar_001.jpg?utm_source=commons.wikimedia.org&utm_campaign=imageinfo&utm_content=original,Shreya.Bhopal,CC BY-SA 4.0,https://creativecommons.org/licenses/by-sa/4.0,2026-10-08,7ea10e4559d8f88d3aa0724b5ef74efd44cb0e1b1153e186cd544b13476df69d,Resized (maximum long side 1600 pixels) and annotated with predicted boxes.
unlabeled__015-rg-estation5powerhouseeatonmagnumdslowvoltageswitchgear.jpg,unlabeled/015-rg-estation5powerhouseeatonmagnumdslowvoltageswitchgear.jpg,https://commons.wikimedia.org/wiki/File:RG%26EStation5PowerHouseEatonMagnumDSLowVoltageSwitchgear.jpg,https://upload.wikimedia.org/wikipedia/commons/9/96/RG%26EStation5PowerHouseEatonMagnumDSLowVoltageSwitchgear.jpg?utm_source=commons.wikimedia.org&utm_campaign=imageinfo&utm_content=original,DanielPenfield,CC BY-SA 4.0,https://creativecommons.org/licenses/by-sa/4.0,2026-10-08,3759027f46367a1a6d1c96e56a5b5456642b9bc79a860fd7387b16cd9aa65324,Resized (maximum long side 1600 pixels) and annotated with predicted boxes.
unlabeled__016-schaltschrank-enclosure.jpg,unlabeled/016-schaltschrank-enclosure.jpg,https://commons.wikimedia.org/wiki/File:Schaltschrank_Enclosure.jpg,https://upload.wikimedia.org/wikipedia/commons/6/6e/Schaltschrank_Enclosure.jpg?utm_source=commons.wikimedia.org&utm_campaign=imageinfo&utm_content=original,Detmolder2020,CC BY-SA 4.0,https://creativecommons.org/licenses/by-sa/4.0,2026-10-08,4fee2b663aa6e18cb0cee051c897ac7234ecb50f9c02edd7899ea1ea190814a4,Resized (maximum long side 1600 pixels) and annotated with predicted boxes.
unlabeled__017-schaltschrank-hg.jpg,unlabeled/017-schaltschrank-hg.jpg,https://commons.wikimedia.org/wiki/File:Schaltschrank_hg.jpg,https://upload.wikimedia.org/wikipedia/commons/7/7f/Schaltschrank_hg.jpg?utm_source=commons.wikimedia.org&utm_campaign=imageinfo&utm_content=original,Hannes Grobe,CC BY-SA 4.0,https://creativecommons.org/licenses/by-sa/4.0,2026-10-08,8c220f5c274f48236d2a52925fab4fbbae3a93bd9ceb3672c091f346c78237ad,Resized (maximum long side 1600 pixels) and annotated with predicted boxes.
unlabeled__019-tgbt-armoire-lectrique.jpg,unlabeled/019-tgbt-armoire-lectrique.jpg,https://commons.wikimedia.org/wiki/File:TGBT_armoire_%C3%A9lectrique.jpg,https://upload.wikimedia.org/wikipedia/commons/c/cc/TGBT_armoire_%C3%A9lectrique.jpg?utm_source=commons.wikimedia.org&utm_campaign=imageinfo&utm_content=original,Didier Homna,CC0,https://creativecommons.org/publicdomain/zero/1.0/deed.en,2026-10-08,ff6ee47a60964953fe3f4d033bac704ae40adf3f69a49859bef2ad69b82230a5,Resized (maximum long side 1600 pixels) and annotated with predicted boxes.
unlabeled__020-trapped-key-interlock-switchgear-door.jpg,unlabeled/020-trapped-key-interlock-switchgear-door.jpg,https://commons.wikimedia.org/wiki/File:Trapped_key_interlock_switchgear_door.JPG,https://upload.wikimedia.org/wikipedia/commons/8/81/Trapped_key_interlock_switchgear_door.JPG?utm_source=commons.wikimedia.org&utm_campaign=imageinfo&utm_content=original,Wtshymanski,CC BY-SA 4.0,https://creativecommons.org/licenses/by-sa/4.0,2026-10-08,b67e1fd543cdf5ed61172f36f80a8b64eb61f12ad0de8cf469e7378e1f377c5e,Resized (maximum long side 1600 pixels) and annotated with predicted boxes.
unlabeled__021-square-d-electric-switchboard.jpg,unlabeled/021-square-d-electric-switchboard.jpg,https://commons.wikimedia.org/wiki/File:Square_D_Electric_Switchboard.jpg,https://upload.wikimedia.org/wikipedia/commons/8/86/Square_D_Electric_Switchboard.jpg?utm_source=commons.wikimedia.org&utm_campaign=imageinfo&utm_content=original,TaurusEmerald,CC BY-SA 4.0,https://creativecommons.org/licenses/by-sa/4.0,2026-10-08,79415a8e19591c20ef4e06dcd3945b1d166993e38b5da650f5c817ea234cfeb5,Resized (maximum long side 1600 pixels) and annotated with predicted boxes.
unlabeled__022-switchboard-room-in-large-commercial-building-brisbane.jpg,unlabeled/022-switchboard-room-in-large-commercial-building-brisbane.jpg,"https://commons.wikimedia.org/wiki/File:Switchboard_room_in_large_commercial_building,_Brisbane.jpg",https://upload.wikimedia.org/wikipedia/commons/a/ae/Switchboard_room_in_large_commercial_building%2C_Brisbane.jpg?utm_source=commons.wikimedia.org&utm_campaign=imageinfo&utm_content=original,Kgbo,CC BY-SA 4.0,https://creativecommons.org/licenses/by-sa/4.0,2026-10-08,64ffc01ae414d95cd8eaf4171b622900fd1e5627e2e29a1c7322dcb7df84381a,Resized (maximum long side 1600 pixels) and annotated with predicted boxes.
unlabeled__023-testing-switch-gears-in-an-electrical-panel-in-a-newly-energized-power-substatio.jpg,unlabeled/023-testing-switch-gears-in-an-electrical-panel-in-a-newly-energized-power-substatio.jpg,https://commons.wikimedia.org/wiki/File:Testing_switch_gears_in_an_electrical_panel_in_a_newly_energized_power_substation._07-09-2019_(48266284777).jpg,https://upload.wikimedia.org/wikipedia/commons/8/8f/Testing_switch_gears_in_an_electrical_panel_in_a_newly_energized_power_substation._07-09-2019_%2848266284777%29.jpg?utm_source=commons.wikimedia.org&utm_campaign=imageinfo&utm_content=original,MTA Capital Construction Mega Projects,CC BY 2.0,https://creativecommons.org/licenses/by/2.0,2026-10-08,2dd5cff8e4b63f17361b9e98cf827b3ee1c1b8336dc70b65b204d7000987fc85,Resized (maximum long side 1600 pixels) and annotated with predicted boxes.
unlabeled__024-electrical-panel-in-swiss-industrial-building.jpg,unlabeled/024-electrical-panel-in-swiss-industrial-building.jpg,https://commons.wikimedia.org/wiki/File:Electrical_panel_in_Swiss_industrial_building.jpg,https://upload.wikimedia.org/wikipedia/commons/e/e3/Electrical_panel_in_Swiss_industrial_building.jpg?utm_source=commons.wikimedia.org&utm_campaign=imageinfo&utm_content=original,Audriusa,CC BY 4.0,https://creativecommons.org/licenses/by/4.0,2026-10-08,10d1a806fd003ed3f2dbf7291570103548ef2aa061fecdf6a722d976191cf449,Resized (maximum long side 1600 pixels) and annotated with predicted boxes.
unlabeled__025-electrical-panels-at-co-generation-plant-at-maharashtra-india.jpg,unlabeled/025-electrical-panels-at-co-generation-plant-at-maharashtra-india.jpg,"https://commons.wikimedia.org/wiki/File:Electrical_panels_at_co-generation_plant_at_Maharashtra,_India.jpg",https://upload.wikimedia.org/wikipedia/commons/7/76/Electrical_panels_at_co-generation_plant_at_Maharashtra%2C_India.jpg?utm_source=commons.wikimedia.org&utm_campaign=imageinfo&utm_content=original,Shailesh_telang,CC BY-SA 3.0,https://creativecommons.org/licenses/by-sa/3.0,2026-10-08,c9bcac7a8709163dc6ba9e1c1b888f376fdfdba27b1989ae72556de80bc7b815,Resized (maximum long side 1600 pixels) and annotated with predicted boxes.
unlabeled__026-electrical-panels-st-marys.jpg,unlabeled/026-electrical-panels-st-marys.jpg,https://commons.wikimedia.org/wiki/File:Electrical_panels_st_marys.jpg,https://upload.wikimedia.org/wikipedia/commons/c/c3/Electrical_panels_st_marys.jpg?utm_source=commons.wikimedia.org&utm_campaign=imageinfo&utm_content=original,Achim Hering,Public domain,https://creativecommons.org/publicdomain/mark/1.0/,2026-10-08,857c9cd5157021319b3206412e0aab5e6a0acdecc2fe490e32b568089e6d9ef2,Resized (maximum long side 1600 pixels) and annotated with predicted boxes.
unlabeled__027-electrical-cabinet-at-sunnyvale-wastewater-plant.jpg,unlabeled/027-electrical-cabinet-at-sunnyvale-wastewater-plant.jpg,https://commons.wikimedia.org/wiki/File:Electrical_cabinet_at_Sunnyvale_wastewater_plant.jpg,https://upload.wikimedia.org/wikipedia/commons/a/a4/Electrical_cabinet_at_Sunnyvale_wastewater_plant.jpg?utm_source=commons.wikimedia.org&utm_campaign=imageinfo&utm_content=original,Grendelkhan,CC BY-SA 4.0,https://creativecommons.org/licenses/by-sa/4.0,2026-10-08,3bb5f3c43820efe045b39171f799317b174a0f2e25b7cea9e18172ef170649f1,Resized (maximum long side 1600 pixels) and annotated with predicted boxes.
unlabeled__028-broken-switchgear-celn-teplice-img-2611.jpg,unlabeled/028-broken-switchgear-celn-teplice-img-2611.jpg,https://commons.wikimedia.org/wiki/File:Broken_Switchgear_%26_Celn%C3%AD_(Teplice)_IMG_2611.JPG,https://upload.wikimedia.org/wikipedia/commons/9/96/Broken_Switchgear_%26_Celn%C3%AD_%28Teplice%29_IMG_2611.JPG?utm_source=commons.wikimedia.org&utm_campaign=imageinfo&utm_content=original,01x07x2022000,CC0,https://creativecommons.org/publicdomain/zero/1.0/deed.en,2026-10-08,f0ac5ab173dcd8287241e84ee325a9e2879ac0112766917a9240dae48aedf846,Resized (maximum long side 1600 pixels) and annotated with predicted boxes.
unlabeled__029-broken-switchgear-celn-teplice-img-2613.jpg,unlabeled/029-broken-switchgear-celn-teplice-img-2613.jpg,https://commons.wikimedia.org/wiki/File:Broken_Switchgear_%26_Celn%C3%AD_(Teplice)_IMG_2613.JPG,https://upload.wikimedia.org/wikipedia/commons/9/93/Broken_Switchgear_%26_Celn%C3%AD_%28Teplice%29_IMG_2613.JPG?utm_source=commons.wikimedia.org&utm_campaign=imageinfo&utm_content=original,01x07x2022000,CC0,https://creativecommons.org/publicdomain/zero/1.0/deed.en,2026-10-08,b502e79d54774b93ab887ce8af39bc2e77f1f6acce70cb069901a41d471862ee,Resized (maximum long side 1600 pixels) and annotated with predicted boxes.
missing_or_loose_component__030-dornbirn-damaged-distribution-board-01asd.jpg,missing_or_loose_component/030-dornbirn-damaged-distribution-board-01asd.jpg,https://commons.wikimedia.org/wiki/File:Dornbirn-damaged_Distribution_board-01ASD.jpg,https://upload.wikimedia.org/wikipedia/commons/1/17/Dornbirn-damaged_Distribution_board-01ASD.jpg?utm_source=commons.wikimedia.org&utm_campaign=imageinfo&utm_content=original,Asurnipal,CC BY-SA 4.0,https://creativecommons.org/licenses/by-sa/4.0,2026-10-08,224f468722701fe05bed1676fa141dc4ca9e49354ce5737f75bc1d0c520a6c68,Resized (maximum long side 1600 pixels) and annotated with predicted boxes.
unlabeled__031-dornbirn-damaged-distribution-board-02asd.jpg,unlabeled/031-dornbirn-damaged-distribution-board-02asd.jpg,https://commons.wikimedia.org/wiki/File:Dornbirn-damaged_Distribution_board-02ASD.jpg,https://upload.wikimedia.org/wikipedia/commons/d/dd/Dornbirn-damaged_Distribution_board-02ASD.jpg?utm_source=commons.wikimedia.org&utm_campaign=imageinfo&utm_content=original,Asurnipal,CC BY-SA 4.0,https://creativecommons.org/licenses/by-sa/4.0,2026-10-08,bb01f1a7f6895fedc5d8d3be10f1b55c9320da9204a3b79be8f0efa8402098b2,Resized (maximum long side 1600 pixels) and annotated with predicted boxes.
corrosion__032-really-old-rusty-electrical-cabinet-at-porth-penrhyn-bangor-geograph-org-uk-6261.jpg,corrosion/032-really-old-rusty-electrical-cabinet-at-porth-penrhyn-bangor-geograph-org-uk-6261.jpg,"https://commons.wikimedia.org/wiki/File:Really_old_rusty_electrical_cabinet_at_Porth_Penrhyn,_Bangor_-_geograph.org.uk_-_6261984.jpg",https://upload.wikimedia.org/wikipedia/commons/4/4f/Really_old_rusty_electrical_cabinet_at_Porth_Penrhyn%2C_Bangor_-_geograph.org.uk_-_6261984.jpg?utm_source=commons.wikimedia.org&utm_campaign=imageinfo&utm_content=original,Meirion,CC BY-SA 2.0,https://creativecommons.org/licenses/by-sa/2.0,2026-10-08,8a8395bbf184861bd6d3296c7c19074bf12acad5fc970a7c2ff1db2b8cc07fb7,Resized (maximum long side 1600 pixels) and annotated with predicted boxes.
unlabeled__033-burned-distribution-board.jpg,unlabeled/033-burned-distribution-board.jpg,https://commons.wikimedia.org/wiki/File:Burned_distribution_board.JPG,https://upload.wikimedia.org/wikipedia/commons/6/69/Burned_distribution_board.JPG?utm_source=commons.wikimedia.org&utm_campaign=imageinfo&utm_content=original,Victor zmey,CC BY-SA 3.0,https://creativecommons.org/licenses/by-sa/3.0,2026-10-08,0d560c05ca5d8e2300160af7d2fa81d15b6edbd22cdcd975cffe9c300dec5436,Resized (maximum long side 1600 pixels) and annotated with predicted boxes.
unlabeled__035-dornbirn-old-main-earthing-busbar-copper-01asd.jpg,unlabeled/035-dornbirn-old-main-earthing-busbar-copper-01asd.jpg,https://commons.wikimedia.org/wiki/File:Dornbirn-old_main_earthing_busbar_(copper)-01ASD.jpg,https://upload.wikimedia.org/wikipedia/commons/3/33/Dornbirn-old_main_earthing_busbar_%28copper%29-01ASD.jpg?utm_source=commons.wikimedia.org&utm_campaign=imageinfo&utm_content=original,Asurnipal,CC BY-SA 4.0,https://creativecommons.org/licenses/by-sa/4.0,2026-10-08,e9da15a0aaebb93d2321fa4fa16d4c6e20a3565bb3739caca3784007f0ffcff5,Resized (maximum long side 1600 pixels) and annotated with predicted boxes.
unlabeled__036-busbars.jpg,unlabeled/036-busbars.jpg,https://commons.wikimedia.org/wiki/File:Busbars.jpg,https://upload.wikimedia.org/wikipedia/commons/8/8d/Busbars.jpg?utm_source=commons.wikimedia.org&utm_campaign=imageinfo&utm_content=original,Ali@gwc.org.uk,CC BY-SA 3.0,https://creativecommons.org/licenses/by-sa/3.0/,2026-10-08,2727e02739e41d925e53b8961f2a02e1597933071b4244aa792770b1d98d15b5,Resized (maximum long side 1600 pixels) and annotated with predicted boxes.
unlabeled__037-eae-busbar.jpg,unlabeled/037-eae-busbar.jpg,https://commons.wikimedia.org/wiki/File:EAE_busbar.jpg,https://upload.wikimedia.org/wikipedia/commons/b/b4/EAE_busbar.jpg?utm_source=commons.wikimedia.org&utm_campaign=imageinfo&utm_content=original,Umuttek,CC BY-SA 4.0,https://creativecommons.org/licenses/by-sa/4.0,2026-10-08,9592f79c9fe2734eb799951a449e4dcab4c44938b9d174302ce8a022c3fdd855,Resized (maximum long side 1600 pixels) and annotated with predicted boxes.
unlabeled__038-sample-busbar-trunking-system.jpg,unlabeled/038-sample-busbar-trunking-system.jpg,https://commons.wikimedia.org/wiki/File:Sample_busbar_trunking_system.jpg,https://upload.wikimedia.org/wikipedia/commons/c/c5/Sample_busbar_trunking_system.jpg?utm_source=commons.wikimedia.org&utm_campaign=imageinfo&utm_content=original,Blacky-CS,CC BY-SA 4.0,https://creativecommons.org/licenses/by-sa/4.0,2026-10-08,d9f341b9ec2881a100403b8c5e4613eb6530e1de171f1bf0e44efb7a88478e8e,Resized (maximum long side 1600 pixels) and annotated with predicted boxes.
unlabeled__039-tunnel-busbars-20170118-120211-31613410393.jpg,unlabeled/039-tunnel-busbars-20170118-120211-31613410393.jpg,https://commons.wikimedia.org/wiki/File:Tunnel_busbars_20170118_120211_(31613410393).jpg,https://upload.wikimedia.org/wikipedia/commons/5/55/Tunnel_busbars_20170118_120211_%2831613410393%29.jpg?utm_source=commons.wikimedia.org&utm_campaign=imageinfo&utm_content=original,"Marco d'Itri from Milano, Italy",CC BY-SA 2.0,https://creativecommons.org/licenses/by-sa/2.0,2026-10-08,cf7578bcb4f6279fc75c67207e08cda6318247fae53f3a03a00ef31e27e07bba,Resized (maximum long side 1600 pixels) and annotated with predicted boxes.
unlabeled__040-baustromverteiler.jpg,unlabeled/040-baustromverteiler.jpg,https://commons.wikimedia.org/wiki/File:Baustromverteiler.jpg,https://upload.wikimedia.org/wikipedia/commons/0/04/Baustromverteiler.jpg?utm_source=commons.wikimedia.org&utm_campaign=imageinfo&utm_content=original,Thiemo Schuff,CC BY 3.0,https://creativecommons.org/licenses/by/3.0,2026-10-08,2faadc6f1ddbf6f29522cefb944f39dc45d24fad44c6d2d68661f2a2d8b5f673,Resized (maximum long side 1600 pixels) and annotated with predicted boxes.
unlabeled__041-openclosedpanelboardeeuu-ge-closeuptop.jpg,unlabeled/041-openclosedpanelboardeeuu-ge-closeuptop.jpg,https://commons.wikimedia.org/wiki/File:OpenClosedPanelboardEEUU(GE)CloseupTop.jpg,https://upload.wikimedia.org/wikipedia/commons/e/ef/OpenClosedPanelboardEEUU%28GE%29CloseupTop.jpg?utm_source=commons.wikimedia.org&utm_campaign=imageinfo&utm_content=original,Where at English Wikipedia,Public domain,https://creativecommons.org/publicdomain/mark/1.0/,2026-10-08,49f1cf37b553dc06967e0a676de1253be4978d620804bc0b2110650bf2eba026,Resized (maximum long side 1600 pixels) and annotated with predicted boxes.
unlabeled__042-a-distribution-board-in-salacgr-va.jpg,unlabeled/042-a-distribution-board-in-salacgr-va.jpg,https://commons.wikimedia.org/wiki/File:A_distribution_board_in_Salacgr%C4%ABva.jpg,https://upload.wikimedia.org/wikipedia/commons/1/18/A_distribution_board_in_Salacgr%C4%ABva.jpg?utm_source=commons.wikimedia.org&utm_campaign=imageinfo&utm_content=original,Андрей Романенко,CC BY-SA 4.0,https://creativecommons.org/licenses/by-sa/4.0,2026-10-08,5465433f09535c2997fda636dce627d49afde692089bd6db905e066ddf932bc3,Resized (maximum long side 1600 pixels) and annotated with predicted boxes.
unlabeled__043-outdoor-electrical-enclosure-benthemplein-agniesebuurt-noord-rotterdam-2024-pic1.jpg,unlabeled/043-outdoor-electrical-enclosure-benthemplein-agniesebuurt-noord-rotterdam-2024-pic1.jpg,https://commons.wikimedia.org/wiki/File:Outdoor_electrical_enclosure_-_Benthemplein_-_Agniesebuurt_-_Noord_-_Rotterdam_-_2024_-_pic1.jpg,https://thumb.wikimedia.org/wikipedia/commons/thumb/8/88/Outdoor_electrical_enclosure_-_Benthemplein_-_Agniesebuurt_-_Noord_-_Rotterdam_-_2024_-_pic1.jpg/1920px-Outdoor_electrical_enclosure_-_Benthemplein_-_Agniesebuurt_-_Noord_-_Rotterdam_-_2024_-_pic1.jpg?utm_source=commons.wikimedia.org&utm_campaign=imageinfo&utm_content=thumbnail,AgainErick,CC BY-SA 4.0,https://creativecommons.org/licenses/by-sa/4.0,2026-10-08,a35539cc00bf4d4457f3db46d9bb62baab9573e33f4c1faff0e50fbdc93af2bc,Resized (maximum long side 1600 pixels) and annotated with predicted boxes.
unlabeled__044-utility-cabinet-in-the-stonebow-york-apr26.jpg,unlabeled/044-utility-cabinet-in-the-stonebow-york-apr26.jpg,"https://commons.wikimedia.org/wiki/File:Utility_cabinet_in_The_Stonebow,_York_Apr26.jpg",https://upload.wikimedia.org/wikipedia/commons/2/2d/Utility_cabinet_in_The_Stonebow%2C_York_Apr26.jpg?utm_source=commons.wikimedia.org&utm_campaign=imageinfo&utm_content=original,Malcolmxl5,CC0,https://creativecommons.org/publicdomain/zero/1.0/deed.en,2026-10-08,0d5e47f11e86fc80e3f7889f073f317f113dea05c05fe277c5cdaf76ca43aeb0,Resized (maximum long side 1600 pixels) and annotated with predicted boxes.
unlabeled__045-schaltkasten-alt.jpg,unlabeled/045-schaltkasten-alt.jpg,https://commons.wikimedia.org/wiki/File:Schaltkasten-alt.jpg,https://upload.wikimedia.org/wikipedia/commons/e/e0/Schaltkasten-alt.jpg?utm_source=commons.wikimedia.org&utm_campaign=imageinfo&utm_content=original,Gmhofmann,Public domain,https://creativecommons.org/publicdomain/mark/1.0/,2026-10-08,f5cb256084110e88e9416d16e9eedafc71ffbc655b466da32465f50dff8f857c,Resized (maximum long side 1600 pixels) and annotated with predicted boxes.
unlabeled__046-verne-sch-fermeiers-m-hle-schalttafel.jpg,unlabeled/046-verne-sch-fermeiers-m-hle-schalttafel.jpg,https://commons.wikimedia.org/wiki/File:Verne-Sch%C3%A4fermeiers_M%C3%BChle_-_Schalttafel.jpg,https://upload.wikimedia.org/wikipedia/commons/f/fc/Verne-Sch%C3%A4fermeiers_M%C3%BChle_-_Schalttafel.jpg?utm_source=commons.wikimedia.org&utm_campaign=imageinfo&utm_content=original,Ath,CC0,https://creativecommons.org/publicdomain/zero/1.0/deed.en,2026-10-08,d838110ebf6f0a336ea2f57088492140396f951564e11ed8a096f080e91eb86f,Resized (maximum long side 1600 pixels) and annotated with predicted boxes.
unlabeled__047-2015-05-19-005-schaltkasten-mit-wildem-wein-umwachsen.jpg,unlabeled/047-2015-05-19-005-schaltkasten-mit-wildem-wein-umwachsen.jpg,https://commons.wikimedia.org/wiki/File:2015_05_19_005_Schaltkasten_mit_wildem_Wein_umwachsen.jpg,https://upload.wikimedia.org/wikipedia/commons/8/8c/2015_05_19_005_Schaltkasten_mit_wildem_Wein_umwachsen.jpg?utm_source=commons.wikimedia.org&utm_campaign=imageinfo&utm_content=original,Friedrich Haag,CC BY-SA 4.0,https://creativecommons.org/licenses/by-sa/4.0,2026-10-08,d9fb3e9e2f0e10087d9609579a24b38bb8130291ad37484ed3a79f5d09c49677,Resized (maximum long side 1600 pixels) and annotated with predicted boxes.
unlabeled__048-d-lmen-kirchspiel-ehem-sondermunitionslager-visbeck-schaltkasten-2023-6756.jpg,unlabeled/048-d-lmen-kirchspiel-ehem-sondermunitionslager-visbeck-schaltkasten-2023-6756.jpg,"https://commons.wikimedia.org/wiki/File:D%C3%BClmen,_Kirchspiel,_ehem._Sondermunitionslager_Visbeck,_Schaltkasten_--_2023_--_6756.jpg",https://thumb.wikimedia.org/wikipedia/commons/thumb/d/d1/D%C3%BClmen%2C_Kirchspiel%2C_ehem._Sondermunitionslager_Visbeck%2C_Schaltkasten_--_2023_--_6756.jpg/1920px-D%C3%BClmen%2C_Kirchspiel%2C_ehem._Sondermunitionslager_Visbeck%2C_Schaltkasten_--_2023_--_6756.jpg?utm_source=commons.wikimedia.org&utm_campaign=imageinfo&utm_content=thumbnail,Dietmar Rabich,CC BY-SA 4.0,https://creativecommons.org/licenses/by-sa/4.0,2026-10-08,ba9267862f44aeacc44c56283758b08530274305504a5cf8423764220acc5bbf,Resized (maximum long side 1600 pixels) and annotated with predicted boxes.
unlabeled__049-cb-truck-showing-surface-discharge-damage.jpg,unlabeled/049-cb-truck-showing-surface-discharge-damage.jpg,https://commons.wikimedia.org/wiki/File:CB_Truck_showing_surface_discharge_damage.jpg,https://upload.wikimedia.org/wikipedia/commons/b/b4/CB_Truck_showing_surface_discharge_damage.jpg?utm_source=commons.wikimedia.org&utm_campaign=imageinfo&utm_content=original,Manning0225,CC BY-SA 3.0,https://creativecommons.org/licenses/by-sa/3.0,2026-10-08,0e5ad4174462fd1d21a1d82d7868f4c3dae178e165ed4748c5cc3d60c4b26720,Resized (maximum long side 1600 pixels) and annotated with predicted boxes.
unlabeled__050-aparamenta-el-ctrica-vapor-aymerich-amat-i-jover-i.jpg,unlabeled/050-aparamenta-el-ctrica-vapor-aymerich-amat-i-jover-i.jpg,"https://commons.wikimedia.org/wiki/File:Aparamenta_el%C3%A8ctrica_Vapor_Aymerich,_Amat_i_Jover_I.jpg",https://thumb.wikimedia.org/wikipedia/commons/thumb/c/ce/Aparamenta_el%C3%A8ctrica_Vapor_Aymerich%2C_Amat_i_Jover_I.jpg/1920px-Aparamenta_el%C3%A8ctrica_Vapor_Aymerich%2C_Amat_i_Jover_I.jpg?utm_source=commons.wikimedia.org&utm_campaign=imageinfo&utm_content=thumbnail,Chixoy,Public domain,https://creativecommons.org/publicdomain/mark/1.0/,2026-10-08,10e6d471af04a0c207fd11989d49371fb8c11ee70c00d8be5e740b1473aee232,Resized (maximum long side 1600 pixels) and annotated with predicted boxes.
unlabeled__051-uss-pampanito-bus-bars-agr.jpg,unlabeled/051-uss-pampanito-bus-bars-agr.jpg,https://commons.wikimedia.org/wiki/File:USS_Pampanito_bus_bars.agr.jpg,https://upload.wikimedia.org/wikipedia/commons/9/94/USS_Pampanito_bus_bars.agr.jpg?utm_source=commons.wikimedia.org&utm_campaign=imageinfo&utm_content=original,ArnoldReinhold,CC BY-SA 4.0,https://creativecommons.org/licenses/by-sa/4.0,2026-10-08,fae1c1cec9cabe6e59fa5846ba7908a0bcc20d111397fc77768d5a568447f3d8,Resized (maximum long side 1600 pixels) and annotated with predicted boxes.
unlabeled__052-old-soviet-distribution-board.jpg,unlabeled/052-old-soviet-distribution-board.jpg,https://commons.wikimedia.org/wiki/File:Old_Soviet_distribution_board.JPG,https://upload.wikimedia.org/wikipedia/commons/9/9d/Old_Soviet_distribution_board.JPG?utm_source=commons.wikimedia.org&utm_campaign=imageinfo&utm_content=original,Pinot,CC BY-SA 3.0,https://creativecommons.org/licenses/by-sa/3.0,2026-10-08,7625fdc8289c8805851d8985e6862b50110c123982bbdd2a1c29f2c8c2b0dc36,Resized (maximum long side 1600 pixels) and annotated with predicted boxes.
unlabeled__054-107-switchboard-1902-26522623505.jpg,unlabeled/054-107-switchboard-1902-26522623505.jpg,"https://commons.wikimedia.org/wiki/File:107._Switchboard,_1902_(26522623505).jpg",https://upload.wikimedia.org/wikipedia/commons/7/7b/107._Switchboard%2C_1902_%2826522623505%29.jpg?utm_source=commons.wikimedia.org&utm_campaign=imageinfo&utm_content=original,Community Archives,Public domain,https://creativecommons.org/publicdomain/mark/1.0/,2026-10-08,337ffed23adc085976b76bb85cd2371db2247fc789748d8d07774d6334b9733f,Resized (maximum long side 1600 pixels) and annotated with predicted boxes.
unlabeled__055-connecting-cables-in-an-electrical-panel-for-the-tunnel-ventilation-fan-06-20-19.jpg,unlabeled/055-connecting-cables-in-an-electrical-panel-for-the-tunnel-ventilation-fan-06-20-19.jpg,https://commons.wikimedia.org/wiki/File:Connecting_cables_in_an_electrical_panel_for_the_tunnel_ventilation_fan._06-20-19_(48105099898).jpg,https://upload.wikimedia.org/wikipedia/commons/3/38/Connecting_cables_in_an_electrical_panel_for_the_tunnel_ventilation_fan._06-20-19_%2848105099898%29.jpg?utm_source=commons.wikimedia.org&utm_campaign=imageinfo&utm_content=original,MTA Capital Construction Mega Projects,CC BY 2.0,https://creativecommons.org/licenses/by/2.0,2026-10-08,9590563a7a53bc22052f4e819dd03b59461dba2d4e72801c177df6afe04d4139,Resized (maximum long side 1600 pixels) and annotated with predicted boxes.
unlabeled__056-small-electrical-substation.jpg,unlabeled/056-small-electrical-substation.jpg,https://commons.wikimedia.org/wiki/File:Small_electrical_substation.jpg,https://upload.wikimedia.org/wikipedia/commons/a/a1/Small_electrical_substation.jpg?utm_source=commons.wikimedia.org&utm_campaign=imageinfo&utm_content=original,Wikideas1,CC0,https://creativecommons.org/publicdomain/zero/1.0/deed.en,2026-10-08,d20a19376f9602032bbdc8b01ac6f2003435691347297067f457b01df499a7f2,Resized (maximum long side 1600 pixels) and annotated with predicted boxes.
unlabeled__057-motor-control-center-1-mcc-1-facing-north-in-row-of-electrical-cabinets-just-sou.jpg,unlabeled/057-motor-control-center-1-mcc-1-facing-north-in-row-of-electrical-cabinets-just-sou.jpg,"https://commons.wikimedia.org/wiki/File:MOTOR_CONTROL_CENTER_1_(MCC-1),_FACING_NORTH_IN_ROW_OF_ELECTRICAL_CABINETS_JUST_SOUTH_OF_TRANSFORMER_SUBSTATION_CABINETS_IN_TRANSFORMER_ROOM_(112),_LSB_(BLDG._770)_-_Vandenberg_HAER_CAL,42-LOMP,1C-126.tif",https://thumb.wikimedia.org/wikipedia/commons/thumb/7/7a/MOTOR_CONTROL_CENTER_1_%28MCC-1%29%2C_FACING_NORTH_IN_ROW_OF_ELECTRICAL_CABINETS_JUST_SOUTH_OF_TRANSFORMER_SUBSTATION_CABINETS_IN_TRANSFORMER_ROOM_%28112%29%2C_LSB_%28BLDG._770%29_-_Vandenberg_HAER_CAL%2C42-LOMP%2C1C-126.tif/lossy-page1-1920px-thumbnail.tif.jpg?utm_source=commons.wikimedia.org&utm_campaign=imageinfo&utm_content=thumbnail,Not specified in Commons metadata (Library of Congress HAER source record),Public domain,https://creativecommons.org/publicdomain/mark/1.0/,2026-10-08,3fdad380bb211a055e862af18774b91bc9823623b3a0993dd4642ec3ff53ae20,Resized (maximum long side 1600 pixels) and annotated with predicted boxes.
unlabeled__058-electrical-switchgear-from-royal-yacht-victoria-and-albert-1899-54797925816.jpg,unlabeled/058-electrical-switchgear-from-royal-yacht-victoria-and-albert-1899-54797925816.jpg,https://commons.wikimedia.org/wiki/File:Electrical_Switchgear_from_Royal_Yacht_Victoria_and_Albert_(1899)_-_54797925816.jpg,https://upload.wikimedia.org/wikipedia/commons/4/47/Electrical_Switchgear_from_Royal_Yacht_Victoria_and_Albert_%281899%29_-_54797925816.jpg?utm_source=commons.wikimedia.org&utm_campaign=imageinfo&utm_content=original,Tim Sheerman-Chase,CC BY 4.0,https://creativecommons.org/licenses/by/4.0,2026-10-08,9331213f1dc9997294aeb066a41b4b6eaaae7e62428aa7a9eabf43c9119d051c,Resized (maximum long side 1600 pixels) and annotated with predicted boxes.
unlabeled__059-6600-volts-room.jpg,unlabeled/059-6600-volts-room.jpg,https://commons.wikimedia.org/wiki/File:6600_Volts_room.jpg,https://upload.wikimedia.org/wikipedia/commons/8/8f/6600_Volts_room.jpg?utm_source=commons.wikimedia.org&utm_campaign=imageinfo&utm_content=original,Hervé Cozanet,CC BY-SA 3.0,https://creativecommons.org/licenses/by-sa/3.0/,2026-10-08,bed0833e6e6c230740c8bb683ae65a7de6671ebf8e2af0b46fb785e0911a35fd,Resized (maximum long side 1600 pixels) and annotated with predicted boxes.
unlabeled__060-switchgear.jpg,unlabeled/060-switchgear.jpg,https://commons.wikimedia.org/wiki/File:Switchgear.JPG,https://upload.wikimedia.org/wikipedia/commons/9/96/Switchgear.JPG?utm_source=commons.wikimedia.org&utm_campaign=imageinfo&utm_content=original,Thpanagos,CC BY 3.0,https://creativecommons.org/licenses/by/3.0,2026-10-08,dfb56b22ee3ee593d0cc5d31e653491d6315717d4e94312c5bd40d513739100a,Resized (maximum long side 1600 pixels) and annotated with predicted boxes.
unlabeled__062-the-church-of-st-thomas-of-canterbury-electrical-switchgear-geograph-org-uk-5859.jpg,unlabeled/062-the-church-of-st-thomas-of-canterbury-electrical-switchgear-geograph-org-uk-5859.jpg,"https://commons.wikimedia.org/wiki/File:The_church_of_St._Thomas_of_Canterbury,_Electrical_switchgear_-_geograph.org.uk_-_5859970.jpg",https://upload.wikimedia.org/wikipedia/commons/1/16/The_church_of_St._Thomas_of_Canterbury%2C_Electrical_switchgear_-_geograph.org.uk_-_5859970.jpg?utm_source=commons.wikimedia.org&utm_campaign=imageinfo&utm_content=original,Bob Harvey,CC BY-SA 2.0,https://creativecommons.org/licenses/by-sa/2.0,2026-10-08,0a0119bbf6109920de6871ce24b28337f15bb51269108860a0c3020083efe75d,Resized (maximum long side 1600 pixels) and annotated with predicted boxes.
unlabeled__063-distribution-board-slovakia-01.jpg,unlabeled/063-distribution-board-slovakia-01.jpg,https://commons.wikimedia.org/wiki/File:Distribution_board_-_Slovakia_01.jpg,https://upload.wikimedia.org/wikipedia/commons/7/72/Distribution_board_-_Slovakia_01.jpg?utm_source=commons.wikimedia.org&utm_campaign=imageinfo&utm_content=original,Oto Zapletal,CC BY 4.0,https://creativecommons.org/licenses/by/4.0,2026-10-08,0ee5ae6393a59aba102a54bbe5cdd6985420d1ebc18eed1b2480a9ab4f61f3a3,Resized (maximum long side 1600 pixels) and annotated with predicted boxes.
unlabeled__065-rankweil-photovoltaic-power-plant-kindergarten-bredreis-pv-distribution-board-wr.jpg,unlabeled/065-rankweil-photovoltaic-power-plant-kindergarten-bredreis-pv-distribution-board-wr.jpg,https://commons.wikimedia.org/wiki/File:Rankweil-Photovoltaic_power_plant_Kindergarten_Bredreis-PV-Distribution_board-wrong_protection_earth-01ASD.jpg,https://upload.wikimedia.org/wikipedia/commons/e/ec/Rankweil-Photovoltaic_power_plant_Kindergarten_Bredreis-PV-Distribution_board-wrong_protection_earth-01ASD.jpg?utm_source=commons.wikimedia.org&utm_campaign=imageinfo&utm_content=original,Asurnipal,CC BY-SA 4.0,https://creativecommons.org/licenses/by-sa/4.0,2026-10-08,d80605d633a272049dd987b55b49f066f0012ba22bdbe3d81697d5ab3da36744,Resized (maximum long side 1600 pixels) and annotated with predicted boxes.
unlabeled__066-busbar-2p-din-merlingerin-63a.jpg,unlabeled/066-busbar-2p-din-merlingerin-63a.jpg,https://commons.wikimedia.org/wiki/File:Busbar_2p_DIN_MerlinGerin_63A.jpg,https://upload.wikimedia.org/wikipedia/commons/5/5e/Busbar_2p_DIN_MerlinGerin_63A.jpg?utm_source=commons.wikimedia.org&utm_campaign=imageinfo&utm_content=original,Kae,CC BY-SA 3.0,https://creativecommons.org/licenses/by-sa/3.0,2026-10-08,805cd41afc4b609388eba8ac8496a52f27ddf36d90fb9d9a1a0450e16a7c061b,Resized (maximum long side 1600 pixels) and annotated with predicted boxes.
unlabeled__067-hybrid-switchgear.jpg,unlabeled/067-hybrid-switchgear.jpg,https://commons.wikimedia.org/wiki/File:Hybrid_switchgear.jpg,https://upload.wikimedia.org/wikipedia/commons/b/b6/Hybrid_switchgear.jpg?utm_source=commons.wikimedia.org&utm_campaign=imageinfo&utm_content=original,Dingy,CC BY-SA 3.0,https://creativecommons.org/licenses/by-sa/3.0/,2026-10-08,c5bed470f2f7e520c9b14dd25a673e91ed5fdbd153612fa1b415c7c5bafb56b5,Resized (maximum long side 1600 pixels) and annotated with predicted boxes.
unlabeled__068-high-voltage-switchgear-29.jpg,unlabeled/068-high-voltage-switchgear-29.jpg,https://commons.wikimedia.org/wiki/File:High-voltage_switchgear_29.jpg,https://upload.wikimedia.org/wikipedia/commons/7/7e/High-voltage_switchgear_29.jpg?utm_source=commons.wikimedia.org&utm_campaign=imageinfo&utm_content=original,Novoklimov,CC BY 4.0,https://creativecommons.org/licenses/by/4.0,2026-10-08,10525f6f47a9ccc3072b9fbda189b14cc1c22295034d550c3d56fa77ef4cd91c,Resized (maximum long side 1600 pixels) and annotated with predicted boxes.
unlabeled__069-main-switchgear-5196532678.jpg,unlabeled/069-main-switchgear-5196532678.jpg,https://commons.wikimedia.org/wiki/File:Main_switchgear_(5196532678).jpg,https://upload.wikimedia.org/wikipedia/commons/5/53/Main_switchgear_%285196532678%29.jpg?utm_source=commons.wikimedia.org&utm_campaign=imageinfo&utm_content=original,"Marco d'Itri from Milano, Italy",CC BY-SA 2.0,https://creativecommons.org/licenses/by-sa/2.0,2026-10-08,0684a66b511ccca4221730c41220cc12aeb7c6070441bb3add351083701ed48b,Resized (maximum long side 1600 pixels) and annotated with predicted boxes.
unlabeled__072-electrical-cabinet-by-the-river-geograph-org-uk-7836449.jpg,unlabeled/072-electrical-cabinet-by-the-river-geograph-org-uk-7836449.jpg,https://commons.wikimedia.org/wiki/File:Electrical_cabinet_by_the_river_-_geograph.org.uk_-_7836449.jpg,https://upload.wikimedia.org/wikipedia/commons/d/d6/Electrical_cabinet_by_the_river_-_geograph.org.uk_-_7836449.jpg?utm_source=commons.wikimedia.org&utm_campaign=imageinfo&utm_content=original,Stephen Craven,CC BY-SA 2.0,https://creativecommons.org/licenses/by-sa/2.0,2026-10-08,ea728a05577506224270da466e9c384cd92946448a5f10e40941bcd8b56e7bb4,Resized (maximum long side 1600 pixels) and annotated with predicted boxes.
unlabeled__flickr-6309007001-outdoor-switchgear.jpg,unlabeled/flickr-6309007001-outdoor-switchgear.jpg,https://www.flickr.com/photos/70981241@N00/6309007001,https://live.staticflickr.com/6093/6309007001_920645c48a_b.jpg,Kecko,CC BY 2.0,https://creativecommons.org/licenses/by/2.0/,2026-10-08,89a0dd21c9cb841bcade5c01718a741c08f67da6155068e3f00e2a8ccd83cf0d,Resized (maximum long side 1600 pixels) and annotated with predicted boxes.
unlabeled__flickr-10728995654-lv-switchgear-on-pad.jpg,unlabeled/flickr-10728995654-lv-switchgear-on-pad.jpg,https://www.flickr.com/photos/59595815@N03/10728995654,https://live.staticflickr.com/3798/10728995654_6874632e92_b.jpg,MTA C&D - EAST SIDE ACCESS,CC BY 2.0,https://creativecommons.org/licenses/by/2.0/,2026-10-08,52e91d9e294aa9a6aa46050390cb1fffaf521b541c64c4d1d3ca76a106bf4a12,Resized (maximum long side 1600 pixels) and annotated with predicted boxes.
unlabeled__flickr-48843694488-relay-check-switchgear-cabinet.jpg,unlabeled/flickr-48843694488-relay-check-switchgear-cabinet.jpg,https://www.flickr.com/photos/59595815@N03/48843694488,https://live.staticflickr.com/65535/48843694488_d30af887c4_b.jpg,MTA C&D - EAST SIDE ACCESS,CC BY 2.0,https://creativecommons.org/licenses/by/2.0/,2026-10-08,0fed3efc9fc1157ad474eaf74ba4a83f62995bc83e6dbd5a5e9969988c691441,Resized (maximum long side 1600 pixels) and annotated with predicted boxes.
unlabeled__flickr-51486435378-switchgear-room-breaker-test.jpg,unlabeled/flickr-51486435378-switchgear-room-breaker-test.jpg,https://www.flickr.com/photos/59595815@N03/51486435378,https://live.staticflickr.com/65535/51486435378_95212d390c_b.jpg,MTA C&D - EAST SIDE ACCESS,CC BY 2.0,https://creativecommons.org/licenses/by/2.0/,2026-10-08,e9726bded9f06b522ddd2d65b80d57acf51f47e700a22c7463a6fccb88c32cab,Resized (maximum long side 1600 pixels) and annotated with predicted boxes.
unlabeled__flickr-4355235523-pole-switchgear.jpg,unlabeled/flickr-4355235523-pole-switchgear.jpg,https://www.flickr.com/photos/13071852@N00/4355235523,https://live.staticflickr.com/2792/4355235523_4336c1cfbd_b.jpg,treehouse1977,CC BY-SA 2.0,https://creativecommons.org/licenses/by-sa/2.0/,2026-10-08,d4cecf11cdd0b04d7ee8f95fc0c61b50a4bdf1166bf659d81f59441a4a194e66,Resized (maximum long side 1600 pixels) and annotated with predicted boxes.
unlabeled__064-dornbirn-karrenseilbahn-electrical-enclosure.jpg,unlabeled/064-dornbirn-karrenseilbahn-electrical-enclosure.jpg,https://commons.wikimedia.org/wiki/File:Dornbirn-Karrenseilbahn_lower_station-_electrical_enclosure_aerial_tramway-01ASD.jpg,https://thumb.wikimedia.org/wikipedia/commons/thumb/5/5f/Dornbirn-Karrenseilbahn_lower_station-_electrical_enclosure_aerial_tramway-01ASD.jpg/1920px-Dornbirn-Karrenseilbahn_lower_station-_electrical_enclosure_aerial_tramway-01ASD.jpg?utm_source=commons.wikimedia.org&utm_campaign=imageinfo&utm_content=thumbnail,Asurnipal,CC BY-SA 4.0,https://creativecommons.org/licenses/by-sa/4.0,2026-10-08,7dab4a4b8027ca581af45a2ff5bc84811a1d1440160cc259c1f10d14338b6eae,Resized (maximum long side 1600 pixels) and annotated with predicted boxes.
