filename,source_url,source_page,download_timestamp,sha256,width,height,status
data/raw/corrosion/Rusty_steel_plate.jpg,https://upload.wikimedia.org/wikipedia/commons/6/6e/Rusty_steel_plate.jpg,https://commons.wikimedia.org/wiki/File:Rusty_steel_plate.jpg,2026-10-08T19:24:20.941958+00:00,aab2161f503c2259eeb97e08e60175b88134709a08c44106a94271b9a2799cc8,4000,3000,ok
data/raw/corrosion/Filiform_corrosion.jpg,https://upload.wikimedia.org/wikipedia/commons/2/2f/Filiform_corrosion.jpg,https://commons.wikimedia.org/wiki/File:Filiform_corrosion.jpg,2026-10-08T19:24:22.547737+00:00,91f4e80e421adb85f04414ddaa4012a9c43ca71e2285e786676a31d6da1da6b1,4160,3120,ok
data/raw/corrosion/Filiform_corrosion_on_painted_aluminum.jpg,https://upload.wikimedia.org/wikipedia/commons/0/0c/Filiform_corrosion_on_painted_aluminum.jpg,https://commons.wikimedia.org/wiki/File:Filiform_corrosion_on_painted_aluminum.jpg,2026-10-08T19:24:24.067058+00:00,5e5e1c214fa3f22439b5357cc00b1c8be5942b520b0ed044a6d3975317170ed3,6000,4000,ok
data/raw/corrosion/Swelling_of_Iron_nails_due_to_rusting.jpg,https://upload.wikimedia.org/wikipedia/commons/9/9a/%22Swelling%22_of_Iron_nails_due_to_rusting.jpg,https://commons.wikimedia.org/wiki/File:%22Swelling%22_of_Iron_nails_due_to_rusting.jpg,2026-10-08T19:24:25.679489+00:00,b7044cbdfcc7f31599348830e5bc9b24cce5ade6f3dd076c9ebd0797b9ec0f51,3120,4160,ok
data/raw/corrosion/Clean_pump.jpg,https://upload.wikimedia.org/wikipedia/commons/3/34/Clean_pump.JPG,https://commons.wikimedia.org/wiki/File:Clean_pump.JPG,2026-10-08T19:24:27.293841+00:00,1210671cfe4e973ea73a00e61d3ec5e1ba001bd222aae030cb4edec1247c16fb,2592,1944,ok
data/raw/corrosion/Pewter_plate_with_corrosion.jpg,https://upload.wikimedia.org/wikipedia/commons/1/13/Pewter_plate_with_corrosion.jpg,https://commons.wikimedia.org/wiki/File:Pewter_plate_with_corrosion.jpg,2026-10-08T19:24:28.601372+00:00,4f615219dc146f92d483343e385401ea9e33570a972638a13d4a92e208be5f9e,4297,2951,ok
data/raw/corrosion/Owalla_Dam_rusted_valve_winch_mechanism_closeup_Osun.jpg,https://upload.wikimedia.org/wikipedia/commons/1/17/Owalla_Dam_rusted_valve_winch_mechanism_closeup_Osun.jpg,https://commons.wikimedia.org/wiki/File:Owalla_Dam_rusted_valve_winch_mechanism_closeup_Osun.jpg,2026-10-08T19:24:30.265635+00:00,e012f3cdea0407050ca40ef0f2374f5cfef9338aa74a59c02184ef195e9a5737,4284,5712,ok
,https://upload.wikimedia.org/wikipedia/commons/7/7a/4.16kV_switchgear.jpg,https://commons.wikimedia.org/wiki/File:4.16kV_switchgear.jpg,2026-10-08T19:24:31.840278+00:00,,,,failed
data/raw/unassigned/2500A_copper_busbars_in_motor_control_panel.jpg,https://upload.wikimedia.org/wikipedia/commons/1/13/2500A_copper_busbars_in_motor_control_panel.jpg,https://commons.wikimedia.org/wiki/File:2500A_copper_busbars_in_motor_control_panel.jpg,2026-10-08T19:24:33.087235+00:00,43813527c50c995a32dd70a084c9c670a0830a94170c961df54e6ebb06f136bb,2236,3976,ok
data/raw/unassigned/Electrical_panel_in_Swiss_industrial_building.jpg,https://upload.wikimedia.org/wikipedia/commons/e/e3/Electrical_panel_in_Swiss_industrial_building.jpg,https://commons.wikimedia.org/wiki/File:Electrical_panel_in_Swiss_industrial_building.jpg,2026-10-08T19:24:34.514763+00:00,10d1a806fd003ed3f2dbf7291570103548ef2aa061fecdf6a722d976191cf449,2624,2848,ok
data/raw/unassigned/Weld-def-1.jpg,https://upload.wikimedia.org/wikipedia/commons/1/17/Weld-def-1.jpg,https://commons.wikimedia.org/wiki/File:Weld-def-1.jpg,2026-10-08T19:24:36.067598+00:00,fba487cd7f137359558327d101b3bfd1af1caedad7ac8e3a17e5ed8e1b3efdb8,2396,1691,ok
data/raw/unassigned/Welding_processes_160303-F-OV732-016.jpg,https://upload.wikimedia.org/wikipedia/commons/2/2e/Welding_processes_160303-F-OV732-016.jpg,https://commons.wikimedia.org/wiki/File:Welding_processes_160303-F-OV732-016.jpg,2026-10-08T19:24:37.397324+00:00,ff9fa1e47fef5c1aabaacae1aa122522b09154b700e998ec6d9e6641d61594f1,4256,2832,ok
data/raw/unassigned/4.16kV_switchgear.jpg,https://upload.wikimedia.org/wikipedia/commons/7/7a/4.16kV_switchgear.jpg,https://commons.wikimedia.org/wiki/File:4.16kV_switchgear.jpg,2026-10-08T19:25:05.152635+00:00,8ca15d96a97b687773aa5f1a4264177aabefb0b67e95d193ba149f72cdfb7017,2048,1536,ok
data/raw/weld_crack/Cracks_in_weld.jpg,https://upload.wikimedia.org/wikipedia/commons/1/19/Cracks_in_weld.jpg,https://commons.wikimedia.org/wiki/File:Cracks_in_weld.jpg,2026-10-08T19:45:05.441630+00:00,58e087f6d0a4ae16f0687068977d89ac93632244fba142044f06ed26f470dc15,1094,893,ok
data/raw/weld_crack/CRACKS_IN_WELDS_ON_VIGV_-_NARA_-_17471187.jpg,https://upload.wikimedia.org/wikipedia/commons/b/be/CRACKS_IN_WELDS_ON_VIGV_-_NARA_-_17471187.jpg,https://commons.wikimedia.org/wiki/File:CRACKS_IN_WELDS_ON_VIGV_-_NARA_-_17471187.jpg,2026-10-08T19:45:06.325593+00:00,3deae77bb51324fd7afa0596857eda09ccc6094ab3d2ac4d58193aaf4e4bb95e,4870,6250,ok
data/raw/dent/Metal_Dented_Defect.jpg,https://upload.wikimedia.org/wikipedia/commons/b/b5/Metal_Dented_Defect.jpg,https://commons.wikimedia.org/wiki/File:Metal_Dented_Defect.jpg,2026-10-08T19:45:08.613788+00:00,fc4a6d5208ec768f36e3b67a9de0f26d42431171fc77b8e4537b78b7fa6f2964,1315,926,ok
data/raw/dent/Dented_field_gates_-_geograph.org.uk_-_7648834.jpg,https://upload.wikimedia.org/wikipedia/commons/e/e4/Dented_field_gates_-_geograph.org.uk_-_7648834.jpg,https://commons.wikimedia.org/wiki/File:Dented_field_gates_-_geograph.org.uk_-_7648834.jpg,2026-10-08T19:45:09.489683+00:00,35157e3064ad3bdea9a99b86ce99594a409b066a2c663375d9aba309a8e59fb1,4032,3024,ok
data/raw/scratch/Close_up_of_scratches_from_adjustable_spanner.jpg,https://upload.wikimedia.org/wikipedia/commons/0/06/Close_up_of_scratches_from_adjustable_spanner.jpg,https://commons.wikimedia.org/wiki/File:Close_up_of_scratches_from_adjustable_spanner.jpg,2026-10-08T19:45:10.614921+00:00,892d0100f9b05037827f80c9ead161f7bdf2541af5f19707974d227142235be4,2167,1409,ok
data/raw/corrosion/Rust_Pits_in_surface_of_Steel_Water_Pipe_GN04592.jpg,https://upload.wikimedia.org/wikipedia/commons/7/7a/Rust_Pits_in_surface_of_Steel_Water_Pipe%28GN04592%29.jpg,https://commons.wikimedia.org/wiki/File:Rust_Pits_in_surface_of_Steel_Water_Pipe(GN04592).jpg,2026-10-08T19:45:11.540389+00:00,4a839af82b1c8538a252a7bc63091bd0c8f8cfb5d3dd789a79d82a6d7e2ea5d5,3264,2448,ok
data/raw/corrosion/Badly_rusted_steel_pipes_-_presumably_at_McPhan-Ferguson_s_Pipe_Factory_at_Port_.jpg,https://upload.wikimedia.org/wikipedia/commons/2/20/Badly_rusted_steel_pipes_-_presumably_at_McPhan-Ferguson%27s_Pipe_Factory_at_Port_Adelaide%28GN01224%29.jpg,https://commons.wikimedia.org/wiki/File:Badly_rusted_steel_pipes_-_presumably_at_McPhan-Ferguson's_Pipe_Factory_at_Port_Adelaide(GN01224).jpg,2026-10-08T19:45:12.476723+00:00,b9c0d0d71c360a57ae37aeaa917f9fc6770fbad5a8ffe8b573802ed7d5dea661,3264,2448,ok
data/raw/corrosion/Corroded_Bolt.jpg,https://upload.wikimedia.org/wikipedia/commons/8/80/Corroded_Bolt.jpg,https://commons.wikimedia.org/wiki/File:Corroded_Bolt.jpg,2026-10-08T19:45:13.413883+00:00,a7c4e8c2a70489a3c66834de2b804e8e4e85bca1755816f2d643cfcd57e9d716,4135,2859,ok
data/raw/corrosion/Rusty_Bolts_on_Pipe_Flange.jpg,https://upload.wikimedia.org/wikipedia/commons/9/9e/Rusty_Bolts_on_Pipe_Flange.jpg,https://commons.wikimedia.org/wiki/File:Rusty_Bolts_on_Pipe_Flange.jpg,2026-10-08T19:45:14.917547+00:00,643228cce6d3ce0c5e5f617f4882b1e5e9a91dacead75e095f6910215b9d431d,1453,1081,ok
data/raw/corrosion/Corroded_pipe.jpg,https://upload.wikimedia.org/wikipedia/commons/8/83/Corroded_pipe.jpg,https://commons.wikimedia.org/wiki/File:Corroded_pipe.jpg,2026-10-08T19:45:15.843356+00:00,d8197ec0f27b14f833690b349a3a165e5134a00d738accaad4fb992101068715,676,1024,ok
data/raw/corrosion/Pitting_corrosion_on_duplex_stainless_steel_specimens.jpg,https://upload.wikimedia.org/wikipedia/commons/d/d1/Pitting_corrosion_on_duplex_stainless_steel_specimens.jpg,https://commons.wikimedia.org/wiki/File:Pitting_corrosion_on_duplex_stainless_steel_specimens.jpg,2026-10-08T19:45:16.722503+00:00,81e9a5c722b339eb01996a3d7952561ab2a0e93b9d3e267aece2dd21ef3dc4a3,2700,2035,ok
,https://upload.wikimedia.org/wikipedia/commons/f/f0/Longfellow_Bridge%2C_Rusted_Steel_Beams%2C_September_26%2C_2014_%2815391814792%29.jpg,"https://commons.wikimedia.org/wiki/File:Longfellow_Bridge,_Rusted_Steel_Beams,_September_26,_2014_(15391814792).jpg",2026-10-08T19:45:17.651281+00:00,,,,failed
data/raw/corrosion/Chittenden_Locks_-_old_pump_room_under_Administration_Building_17_-_pipe_section.jpg,https://upload.wikimedia.org/wikipedia/commons/0/06/Chittenden_Locks_-_old_pump_room_under_Administration_Building_17_-_pipe_sections_showing_corrosion.jpg,https://commons.wikimedia.org/wiki/File:Chittenden_Locks_-_old_pump_room_under_Administration_Building_17_-_pipe_sections_showing_corrosion.jpg,2026-10-08T19:45:18.468131+00:00,d8d2559e3a685384e3ef55d80189f76e2f1151aca559c2e48d786b445942fb05,2848,4288,ok
data/raw/corrosion/Rust_Bolt.jpg,https://upload.wikimedia.org/wikipedia/commons/f/fa/Rust_Bolt.JPG,https://commons.wikimedia.org/wiki/File:Rust_Bolt.JPG,2026-10-08T19:45:19.641850+00:00,90afcda71bac7b8524d628c93162c23350a25cb72a8e3199490098c777b69ecc,1600,1200,ok
data/raw/corrosion/Rust_on_steel_beams_over_Walnut_Street__50816189121.png,https://upload.wikimedia.org/wikipedia/commons/8/8a/Rust_on_steel_beams_over_Walnut_Street_%2850816189121%29.png,https://commons.wikimedia.org/wiki/File:Rust_on_steel_beams_over_Walnut_Street_(50816189121).png,2026-10-08T19:45:20.517160+00:00,eb1f7c287af46655061304014ad99bf93688fcc8e826aac3f0c60dc5847a3b72,3648,2432,ok
data/raw/corrosion/Longfellow_Bridge__Rusted_Steel_Beams__September_26__2014__15391814792.jpg,https://upload.wikimedia.org/wikipedia/commons/f/f0/Longfellow_Bridge%2C_Rusted_Steel_Beams%2C_September_26%2C_2014_%2815391814792%29.jpg,"https://commons.wikimedia.org/wiki/File:Longfellow_Bridge,_Rusted_Steel_Beams,_September_26,_2014_(15391814792).jpg",2026-10-08T19:45:57.518005+00:00,2b4708116490072fc157bbd27e2655300380659046c930fd8a52beb359ed8358,576,768,ok
