source_id,source_name,source_url,source_domain,license,license_url,retrieved_date,original_class,mapped_project_class,num_images,notes
neu-det,NEU surface defect database (NEU-DET),https://faculty.neu.edu.cn/songkc/en/zdylm/263265/list/index.htm,faculty.neu.edu.cn,No license stated on the official page,https://faculty.neu.edu.cn/songkc/en/zdylm/263265/list/index.htm,2026-10-08,"scratches; also rolled-in scale, patches, crazing, pitted surface, inclusion",not mapped,0,"Official page describes 1,800 grayscale images, 300 for each of 6 classes, and points detection users to NEU-DET. Bytes not included. A citation request is not a reuse license. Pitted surface was not mapped to corrosion or weld_porosity."
gc10-det,GC10-DET metallic surface defect dataset,https://github.com/lvxiaoming2019/GC10-DET-Metallic-Surface-Defect-Datasets,github.com,Original license not stated,https://github.com/lvxiaoming2019/GC10-DET-Metallic-Surface-Defect-Datasets,2026-10-08,"10 steel-sheet defect types including welding line, inclusion, crease, rolled pit",not mapped,0,"The Sensors paper (https://pmc.ncbi.nlm.nih.gov/articles/PMC7146379/) describes 3,570 images. Dataset Ninja states 2,300 images. This build did not download the files, so neither count was remeasured. The Roboflow Universe page https://universe.roboflow.com/nanjing-university-of-information-science-and-technology/gc10-det-zukta was fetched on 2026-10-08 and did not display a license. Bytes not included. Welding line was not mapped to weld_porosity or weld_crack."
kolektorsdd2,Kolektor Surface-Defect Dataset 2,https://www.vicos.si/resources/kolektorsdd2/,vicos.si,Not stated on the official page fetched 2026-10-08,https://www.vicos.si/resources/kolektorsdd2/,2026-10-08,"surface defects described as scratches, minor spots, and surface imperfections; not split into the seven project classes",not mapped,0,"Official page: 356 images with visible defects, 2,979 without, about 230x630 pixels, train 246 positive and 2,085 negative, test 110 positive and 894 negative. Secondary pages disagree on the license (one Hugging Face card says CC BY-NC-SA 4.0; Dataset Ninja says CC BY-SA 4.0). Bytes not included."
mvtec-ad,MVTec Anomaly Detection,https://www.mvtec.com/research-teaching/datasets/mvtec-ad,mvtec.com,CC BY-NC-SA 4.0,https://creativecommons.org/licenses/by-nc-sa/4.0/,2026-10-08,"15 object and texture categories with pixel masks; paper examples include scratches, dents, and missing parts",not mapped,0,"License is clear, but the download is form-gated and no bytes were retrieved. The paper abstract and Table 1 describe 5,354 images (3,629 train, 467 good test, 1,258 defective test) and 73 defect groups. Metal nut: 220 train, 22 good test, 93 defective, 4 defect groups. Screw: 320 train, 41 good test, 119 defective, 5 defect groups. Masks are category-specific and were not converted into the seven project classes."
riawelc,RIAWELC radiographic weld dataset,https://github.com/stefyste/RIAWELC,github.com,README says released freely; no SPDX license was stated in the retrieved README,https://github.com/stefyste/RIAWELC,2026-10-08,"lack of penetration, porosity, cracks, no defect",not mapped,0,"24,407 radiographic 224x224 images. Radiographs are not camera images of an enclosure surface, so porosity and cracks were not mapped into weld_porosity or weld_crack. Bytes not included."
lohi-weld,LoHi-WELD,https://github.com/SylvioBlock/LoHi-Weld,github.com,"README grants research, non-commercial, and commercial use with citation; no SPDX name",https://github.com/SylvioBlock/LoHi-Weld,2026-10-08,"pores, deposits, discontinuities, stains",not mapped,0,"README describes 3,022 annotated weld-bead images. Redistribution of a copy inside this repository is not explicitly granted, so bytes were not included. Pores would be the closest public match to weld_porosity if a redistribution grant existed."
kaggle-weld-cc0,"Welding Defect - Object Detection (Kaggle, Hugging Face mirror inspected)",https://www.kaggle.com/datasets/sukmaadhiwijaya/welding-defect-object-detection,kaggle.com,CC0 claimed on the Kaggle page; contents are not clean enough to redistribute,https://creativecommons.org/publicdomain/zero/1.0/,2026-10-08,"Bad Weld, Good Weld, Defect",not mapped,0,"Kaggle page metadata says CC0. The Hugging Face mirror https://huggingface.co/datasets/l985215117/welding-defect-object-detection is also tagged cc0-1.0. A local snapshot on 2026-10-08 contained 2,028 JPEG files (train 1,619, valid 283, test 126) and data.yaml names Bad Weld, Good Weld, Defect. One test file whose name contains porosity-worm-hole visibly includes a Shutterstock watermark. Filenames also include Screenshot (122 files), 260nw stock-preview ids (6 files), and .rf. Roboflow suffixes (1,315 filename groups before that suffix). Bytes were not added to this repository. The three source classes were not mapped onto the seven project classes."
wm-rusty-steel-plate,Wikimedia Commons File:Rusty steel plate.jpg,https://commons.wikimedia.org/wiki/File:Rusty_steel_plate.jpg,commons.wikimedia.org,CC0 1.0,http://creativecommons.org/publicdomain/zero/1.0/deed.en,2026-10-08,rusty steel plate,corrosion,1,"Artist Fumikas Sagisavas. 4000x3000. Manual box on the main rusted region after visual review. Plate steel, not a switchgear enclosure."
wm-filiform-tailgate,Wikimedia Commons File:Filiform corrosion.jpg,https://commons.wikimedia.org/wiki/File:Filiform_corrosion.jpg,commons.wikimedia.org,CC BY-SA 4.0,https://creativecommons.org/licenses/by-sa/4.0,2026-10-08,filiform corrosion on painted galvanized steel,corrosion,1,"Artist Matador. 4160x3120. Filiform tracks on a car tailgate. Manual box on the tracked region. Painted auto body, not switchgear."
wm-filiform-aluminum,Wikimedia Commons File:Filiform corrosion on painted aluminum.jpg,https://commons.wikimedia.org/wiki/File:Filiform_corrosion_on_painted_aluminum.jpg,commons.wikimedia.org,CC BY-SA 4.0,https://creativecommons.org/licenses/by-sa/4.0,2026-10-08,filiform corrosion on a painted aluminum coupon,corrosion,1,Artist Matador. 6000x4000. Lab coupon after accelerated corrosion testing. Manual box on the coupon.
wm-iron-nails,Wikimedia Commons File:Swelling of Iron nails due to rusting.jpg,https://commons.wikimedia.org/wiki/File:%22Swelling%22_of_Iron_nails_due_to_rusting.jpg,commons.wikimedia.org,CC BY 4.0,https://creativecommons.org/licenses/by/4.0,2026-10-08,rusted iron nails,corrosion,1,"Artist Dr. Sroy. 3120x4160. Manual box on the nails. Hardware, not an enclosure."
wm-clean-pump,Wikimedia Commons File:Clean pump.JPG,https://commons.wikimedia.org/wiki/File:Clean_pump.JPG,commons.wikimedia.org,Public domain,https://commons.wikimedia.org/wiki/File:Clean_pump.JPG,2026-10-08,pitting on a cleaned pump housing,corrosion,1,Artist Oldforgefarm. 2592x1944. Commons LicenseShortName is Public domain and the API returned no license-deed URL. Manual box on the pitted flange. Not weld porosity.
wm-pewter,Wikimedia Commons File:Pewter plate with corrosion.jpg,https://commons.wikimedia.org/wiki/File:Pewter_plate_with_corrosion.jpg,commons.wikimedia.org,CC BY-SA 4.0,https://creativecommons.org/licenses/by-sa/4.0,2026-10-08,pitting corrosion on pewter,corrosion,1,Artist Heritage Preservation Department - MNHS. 4297x2951. Tin pest on a plate. Manual box on the pitted face. Not steel and not a weld.
wm-owalla,Wikimedia Commons File:Owalla Dam rusted valve winch mechanism closeup Osun.jpg,https://commons.wikimedia.org/wiki/File:Owalla_Dam_rusted_valve_winch_mechanism_closeup_Osun.jpg,commons.wikimedia.org,CC BY 4.0,https://creativecommons.org/licenses/by/4.0,2026-10-08,corroded valve winch,corrosion,1,"Artist Jevuniverse. 4284x5712. Manual box on the corroded mechanism. Dam machinery, not switchgear."
wm-switchgear,Wikimedia Commons File:4.16kV switchgear.jpg,https://commons.wikimedia.org/wiki/File:4.16kV_switchgear.jpg,commons.wikimedia.org,CC0 1.0,http://creativecommons.org/publicdomain/zero/1.0/deed.en,2026-10-08,distribution switchgear,not mapped,1,"Artist Rsparks3. 2048x1536. Kept as domain context. No defect box, because none was identified."
wm-busbars,Wikimedia Commons File:2500A copper busbars in motor control panel.jpg,https://commons.wikimedia.org/wiki/File:2500A_copper_busbars_in_motor_control_panel.jpg,commons.wikimedia.org,CC BY-SA 4.0,https://creativecommons.org/licenses/by-sa/4.0,2026-10-08,copper busbars in a motor control panel,not mapped,1,Artist ToT89. 2236x3976. The bars look parallel and installed. Not labeled misaligned_busbar.
wm-swiss-panel,Wikimedia Commons File:Electrical panel in Swiss industrial building.jpg,https://commons.wikimedia.org/wiki/File:Electrical_panel_in_Swiss_industrial_building.jpg,commons.wikimedia.org,CC BY 4.0,https://creativecommons.org/licenses/by/4.0,2026-10-08,ground and neutral shorting bar,not mapped,1,Artist Audriusa. 2624x2848. Not labeled missing_or_loose_component.
wm-weld-def,Wikimedia Commons File:Weld-def-1.jpg,https://commons.wikimedia.org/wiki/File:Weld-def-1.jpg,commons.wikimedia.org,CC BY-SA 3.0,http://creativecommons.org/licenses/by-sa/3.0/,2026-10-08,deformation in a welded plate,not mapped,1,"Artist Claudio Nardi. 2396x1691. Plate distortion from an unrestrained weld. Not labeled dent, weld_porosity, or weld_crack."
wm-weld-process,Wikimedia Commons File:Welding processes 160303-F-OV732-016.jpg,https://commons.wikimedia.org/wiki/File:Welding_processes_160303-F-OV732-016.jpg,commons.wikimedia.org,Public domain,https://commons.wikimedia.org/wiki/File:Welding_processes_160303-F-OV732-016.jpg,2026-10-08,welder removing spatter,not mapped,1,"Airman Jenna Caldwell, US Air Force, 4256x2832. Commons LicenseShortName is Public domain and the API returned no license-deed URL. Spatter is not one of the seven classes."
wm-scratch-texture-rejected,Wikimedia Commons File:Dark grey stainless steel heavily scratched worn seamless metal surface texture.jpg,https://commons.wikimedia.org/wiki/File:Dark_grey_stainless_steel_heavily_scratched_worn_seamless_metal_surface_texture.jpg,commons.wikimedia.org,CC0 1.0,http://creativecommons.org/publicdomain/zero/1.0/deed.en,2026-10-08,seamless scratched metal texture,not mapped,0,"Reviewed and not ingested. The author describes a seamless texture made in GIMP. There is no discrete scratch to box, so it was not labeled scratch."
wm-cracks-in-weld,Wikimedia Commons File:Cracks in weld.jpg,https://commons.wikimedia.org/wiki/File:Cracks_in_weld.jpg,commons.wikimedia.org,CC0 1.0,http://creativecommons.org/publicdomain/zero/1.0/deed.en,2026-10-08,cracks in a weld bead,weld_crack,1,Artist Zobac. 1094x893. Manual box on the cracked lower portion of the bead. Not a switchgear enclosure.
wm-vigv-weld-crack,Wikimedia Commons File:CRACKS IN WELDS ON VIGV - NARA - 17471187.jpg,https://commons.wikimedia.org/wiki/File:CRACKS_IN_WELDS_ON_VIGV_-_NARA_-_17471187.jpg,commons.wikimedia.org,Public domain,https://commons.wikimedia.org/wiki/File:CRACKS_IN_WELDS_ON_VIGV_-_NARA_-_17471187.jpg,2026-10-08,"crack in a vane weld, NASA photo via NARA, 1979-06-06",weld_crack,1,API LicenseShortName is Public domain and the API returned no license-deed URL. Artist recorded as unknown. 4870x6250. Manual box on the crack in the weld. Two other VIGV frames from the same finding aid (17471185 and 17471186) were not downloaded.
wm-metal-dented,Wikimedia Commons File:Metal Dented Defect.jpg,https://commons.wikimedia.org/wiki/File:Metal_Dented_Defect.jpg,commons.wikimedia.org,CC0 1.0,http://creativecommons.org/publicdomain/zero/1.0/deed.en,2026-10-08,dents in metal bottles,dent,1,"Artist Encik Tekateki. 1315x926. Two manual boxes, one on each dented can. Cans, not an enclosure."
wm-dented-gates,Wikimedia Commons File:Dented field gates - geograph.org.uk - 7648834.jpg,https://commons.wikimedia.org/wiki/File:Dented_field_gates_-_geograph.org.uk_-_7648834.jpg,commons.wikimedia.org,CC BY-SA 2.0,https://creativecommons.org/licenses/by-sa/2.0,2026-10-08,dents in a metal field gate,dent,1,"Artist Mr Ignavy. 4032x3024. Two manual boxes on the bent rails. A farm gate, not an enclosure."
wm-spanner-scratches,Wikimedia Commons File:Close up of scratches from adjustable spanner.jpg,https://commons.wikimedia.org/wiki/File:Close_up_of_scratches_from_adjustable_spanner.jpg,commons.wikimedia.org,CC BY-SA 2.5,https://creativecommons.org/licenses/by-sa/2.5,2026-10-08,scratches on a steel bicycle pedal,scratch,1,"Artist Sam Wilson. 2167x1409. Manual box on the scratch cluster left by an adjustable spanner. A pedal, not an enclosure."
wm-rust-pits-pipe,Wikimedia Commons File:Rust Pits in surface of Steel Water Pipe(GN04592).jpg,https://commons.wikimedia.org/wiki/File:Rust_Pits_in_surface_of_Steel_Water_Pipe(GN04592).jpg,commons.wikimedia.org,CC0 1.0,http://creativecommons.org/publicdomain/zero/1.0/deed.en,2026-10-08,rust pits on riveted steel water pipe,corrosion,1,"State Government Photographer. 3264x2448. Close view. Manual box on the pitted pipe surface. Wider frames GN04590A, GN04591, and GN04591A of the same pipe were not downloaded."
wm-badly-rusted-pipes,Wikimedia Commons File:Badly rusted steel pipes at McPhan-Ferguson pipe factory,https://commons.wikimedia.org/wiki/File:Badly_rusted_steel_pipes_-_presumably_at_McPhan-Ferguson%27s_Pipe_Factory_at_Port_Adelaide(GN01224).jpg,commons.wikimedia.org,CC0 1.0,http://creativecommons.org/publicdomain/zero/1.0/deed.en,2026-10-08,badly rusted steel pipes,corrosion,1,"State Government Photographer. 3264x2448. Manual box on the rusted pipe pile. Pipe stock, not an enclosure."
wm-corroded-bolt,Wikimedia Commons File:Corroded Bolt.jpg,https://commons.wikimedia.org/wiki/File:Corroded_Bolt.jpg,commons.wikimedia.org,CC BY-SA 4.0,https://creativecommons.org/licenses/by-sa/4.0,2026-10-08,corroded bolt and nut,corrosion,1,"Artist ImagePerson. 4135x2859. Manual box on the rusted bolt, nut, and immediate flange. A fastener, not an enclosure."
wm-rusty-flange-bolts,Wikimedia Commons File:Rusty Bolts on Pipe Flange.jpg,https://commons.wikimedia.org/wiki/File:Rusty_Bolts_on_Pipe_Flange.jpg,commons.wikimedia.org,CC BY-SA 4.0,https://creativecommons.org/licenses/by-sa/4.0,2026-10-08,rust on flange bolts,corrosion,1,"Artist לקמוס. 1453x1081. Manual box on the rusted bolts. The bolts are present, so this is not missing_or_loose_component."
wm-corroded-pipe,Wikimedia Commons File:Corroded pipe.jpg,https://commons.wikimedia.org/wiki/File:Corroded_pipe.jpg,commons.wikimedia.org,Public domain,https://commons.wikimedia.org/wiki/File:Corroded_pipe.jpg,2026-10-08,heavily rusted pipe,corrosion,1,National Institute for Occupational Safety and Health. 676x1024. API LicenseShortName is Public domain and the API returned no license-deed URL. Manual box on the pipe.
wm-duplex-pitting,Wikimedia Commons File:Pitting corrosion on duplex stainless steel specimens.jpg,https://commons.wikimedia.org/wiki/File:Pitting_corrosion_on_duplex_stainless_steel_specimens.jpg,commons.wikimedia.org,CC BY 4.0,https://creativecommons.org/licenses/by/4.0,2026-10-08,pitting on duplex stainless coupons,corrosion,1,"Commons artist credit: Yongqiang Wanga, Hao Suna, Junliang Lia, Dandan Lia & Na Lib. 2700x2035. Two manual boxes on the left and center coupons. The right coupon was not boxed because the pits were not clear enough. Lab coupons, not an enclosure."
wm-chittenden-pipes,Wikimedia Commons File:Chittenden Locks pipe sections showing corrosion.jpg,https://commons.wikimedia.org/wiki/File:Chittenden_Locks_-_old_pump_room_under_Administration_Building_17_-_pipe_sections_showing_corrosion.jpg,commons.wikimedia.org,CC BY-SA 4.0,https://creativecommons.org/licenses/by-sa/4.0,2026-10-08,corroded pipe sections,corrosion,1,Artist Joe Mabel. 2848x4288. Manual box on the rusted pipe sections in the pump room.
wm-rust-bolt,Wikimedia Commons File:Rust Bolt.JPG,https://commons.wikimedia.org/wiki/File:Rust_Bolt.JPG,commons.wikimedia.org,CC BY-SA 3.0,https://creativecommons.org/licenses/by-sa/3.0,2026-10-08,rusted bolt,corrosion,1,Artist Thester11. 1600x1200. Manual box on the bolt. Not a missing fastener.
wm-walnut-beams,Wikimedia Commons File:Rust on steel beams over Walnut Street (50816189121).png,https://commons.wikimedia.org/wiki/File:Rust_on_steel_beams_over_Walnut_Street_(50816189121).png,commons.wikimedia.org,CC BY-SA 2.0,https://creativecommons.org/licenses/by-sa/2.0,2026-10-08,rust on steel bridge beams,corrosion,1,"Artist Ben Schumin. 3648x2432. Manual box on the rusted beam undersides. A railroad bridge, not switchgear."
wm-longfellow-beams,"Wikimedia Commons File:Longfellow Bridge, Rusted Steel Beams, September 26, 2014 (15391814792).jpg","https://commons.wikimedia.org/wiki/File:Longfellow_Bridge,_Rusted_Steel_Beams,_September_26,_2014_(15391814792).jpg",commons.wikimedia.org,Public domain,"https://commons.wikimedia.org/wiki/File:Longfellow_Bridge,_Rusted_Steel_Beams,_September_26,_2014_(15391814792).jpg",2026-10-08,rusted steel bridge beams,corrosion,1,Artist MassDOT. 576x768. API LicenseShortName is Public domain and the API returned no license-deed URL. The first download attempt returned HTTP 429; the retry succeeded and both rows are in download_log.csv. Manual box on the rusted beams.
wm-porosity-sheet-rejected,Wikimedia Commons File:Porosity.jpg,https://commons.wikimedia.org/wiki/File:Porosity.jpg,commons.wikimedia.org,CC0 1.0,http://creativecommons.org/publicdomain/zero/1.0/deed.en,2026-10-08,gas porosity on a flat sheet,not mapped,0,"Reviewed 2026-10-08 and not ingested. The description says gas porosity. The holes are not in a weld bead, so the file was not labeled weld_porosity."
wm-cast-porosity-rejected,Wikimedia Commons File:Cast porosity defect.jpg,https://commons.wikimedia.org/wiki/File:Cast_porosity_defect.jpg,commons.wikimedia.org,CC0 1.0,http://creativecommons.org/publicdomain/zero/1.0/deed.en,2026-10-08,casting porosity,not mapped,0,"Reviewed and not ingested. 235x215 casting pores, not a camera photo of weld metal."
wm-weld-undercut-rejected,Wikimedia Commons File:Weld Undercut.jpg,https://commons.wikimedia.org/wiki/File:Weld_Undercut.jpg,commons.wikimedia.org,CC BY-SA 4.0,https://creativecommons.org/licenses/by-sa/4.0,2026-10-08,weld undercut,not mapped,0,Artist Jkreterfield. Reviewed and not ingested. Undercut is not weld_crack or weld_porosity.
wm-scc-fracture-rejected,Wikimedia Commons File:Stress-Corrosion-Cracking-caused-by-weld-stress-01.jpg,https://commons.wikimedia.org/wiki/File:Stress-Corrosion-Cracking-caused-by-weld-stress-01.jpg,commons.wikimedia.org,CC BY-SA 3.0,https://creativecommons.org/licenses/by-sa/3.0,2026-10-08,stress-corrosion fracture surface,not mapped,0,"Artist CEphoto, Uwe Aranas. Reviewed and not ingested. It is a fracture surface, not a crack along a weld bead in a camera view."
wm-mag-particle-rejected,Wikimedia Commons File:Stress corrosion cracking revealed by magnetic particles.JPG,https://commons.wikimedia.org/wiki/File:Stress_corrosion_cracking_revealed_by_magnetic_particles.JPG,commons.wikimedia.org,CC0 1.0,http://creativecommons.org/publicdomain/zero/1.0/deed.en,2026-10-08,magnetic-particle indication,not mapped,0,"Artist Davidmack. Reviewed and not ingested. The bright lines are magnetic-particle indications, not the camera view this pipeline uses."
wm-scc-mitigation-rejected,Wikimedia Commons File:SCC Mitigation in Weld.jpg,https://commons.wikimedia.org/wiki/File:SCC_Mitigation_in_Weld.jpg,commons.wikimedia.org,CC BY-SA 4.0,https://creativecommons.org/licenses/by-sa/4.0,2026-10-08,annotated SCC comparison,not mapped,0,Artist LambdaTech. Reviewed and not ingested. Arrows and captions are drawn on the figure.
wm-crevice-figure-rejected,Wikimedia Commons File:Crevice corrosion of 316 stainless steel in desalination.jpg,https://commons.wikimedia.org/wiki/File:Crevice_corrosion_of_316_stainless_steel_in_desalination.jpg,commons.wikimedia.org,CC BY-SA 3.0,https://creativecommons.org/licenses/by-sa/3.0,2026-10-08,annotated crevice-corrosion figure,not mapped,0,Artist Webcorr. Reviewed and not ingested. Arrows and text are drawn on the figure.
wm-nara-injector-rejected,Wikimedia Commons File:DAMAGED INJECTOR cracked weld NARA 17500261,https://commons.wikimedia.org/wiki/File:DAMAGED_INJECTOR_SERIAL_NUMBER_283_-_CRACKED_WELD_AND_INJECTOR_SERIAL_NUMBER_273_ON_TEST_STAND_-_LOX_LIQUID_OXYGEN_COOLING_PROGRAM_-_NARA_-_17500261.jpg,commons.wikimedia.org,Public domain,https://commons.wikimedia.org/wiki/File:DAMAGED_INJECTOR_SERIAL_NUMBER_283_-_CRACKED_WELD_AND_INJECTOR_SERIAL_NUMBER_273_ON_TEST_STAND_-_LOX_LIQUID_OXYGEN_COOLING_PROGRAM_-_NARA_-_17500261.jpg,2026-10-08,caption says cracked weld,not mapped,0,"Public-domain NASA/NARA photo. The caption says cracked weld. The crack was not visible in the photo, so it was not boxed and the bytes were not stored."
wm-missouri-rail-rejected,Wikimedia Commons File:USS Missouri Dented Rail.jpg,https://commons.wikimedia.org/wiki/File:USS_Missouri_Dented_Rail.jpg,commons.wikimedia.org,CC BY-SA 4.0,https://creativecommons.org/licenses/by-sa/4.0,2026-10-08,bent handrail,not mapped,0,"Artist Bilestone. Reviewed and not ingested. The rail looks bent, and a person stands in front of it. It was not labeled dent."
