url,source_page,license_note,target_class,notes
https://upload.wikimedia.org/wikipedia/commons/6/6e/Rusty_steel_plate.jpg,https://commons.wikimedia.org/wiki/File:Rusty_steel_plate.jpg,CC0 1.0,corrosion,Artist Fumikas Sagisavas. Rust on a steel plate. Reviewed 2026-10-08.
https://upload.wikimedia.org/wikipedia/commons/2/2f/Filiform_corrosion.jpg,https://commons.wikimedia.org/wiki/File:Filiform_corrosion.jpg,CC BY-SA 4.0,corrosion,Artist Matador. Filiform corrosion on a painted galvanized tailgate.
https://upload.wikimedia.org/wikipedia/commons/0/0c/Filiform_corrosion_on_painted_aluminum.jpg,https://commons.wikimedia.org/wiki/File:Filiform_corrosion_on_painted_aluminum.jpg,CC BY-SA 4.0,corrosion,Artist Matador. Filiform corrosion on a painted aluminum coupon.
https://upload.wikimedia.org/wikipedia/commons/9/9a/%22Swelling%22_of_Iron_nails_due_to_rusting.jpg,https://commons.wikimedia.org/wiki/File:%22Swelling%22_of_Iron_nails_due_to_rusting.jpg,CC BY 4.0,corrosion,Artist Dr. Sroy. Rusted iron nails. Domain is hardware not an enclosure.
https://upload.wikimedia.org/wikipedia/commons/3/34/Clean_pump.JPG,https://commons.wikimedia.org/wiki/File:Clean_pump.JPG,Public domain,corrosion,Artist Oldforgefarm. Pump housing with pitting after deposits were cleaned off. Commons LicenseShortName Public domain; API returned no license deed URL.
https://upload.wikimedia.org/wikipedia/commons/1/13/Pewter_plate_with_corrosion.jpg,https://commons.wikimedia.org/wiki/File:Pewter_plate_with_corrosion.jpg,CC BY-SA 4.0,corrosion,Artist Heritage Preservation Department - MNHS. Pitting on a pewter plate (tin pest). Not steel and not a weld.
https://upload.wikimedia.org/wikipedia/commons/1/17/Owalla_Dam_rusted_valve_winch_mechanism_closeup_Osun.jpg,https://commons.wikimedia.org/wiki/File:Owalla_Dam_rusted_valve_winch_mechanism_closeup_Osun.jpg,CC BY 4.0,corrosion,Artist Jevuniverse. Corroded valve winch at Owalla Dam. Machinery not switchgear.
https://upload.wikimedia.org/wikipedia/commons/7/7a/4.16kV_switchgear.jpg,https://commons.wikimedia.org/wiki/File:4.16kV_switchgear.jpg,CC0 1.0,unassigned,Artist Rsparks3. Distribution switchgear. No defect was identified so it is not labeled.
https://upload.wikimedia.org/wikipedia/commons/1/13/2500A_copper_busbars_in_motor_control_panel.jpg,https://commons.wikimedia.org/wiki/File:2500A_copper_busbars_in_motor_control_panel.jpg,CC BY-SA 4.0,unassigned,Artist ToT89. Copper busbars that look installed in parallel. Not labeled misaligned_busbar.
https://upload.wikimedia.org/wikipedia/commons/e/e3/Electrical_panel_in_Swiss_industrial_building.jpg,https://commons.wikimedia.org/wiki/File:Electrical_panel_in_Swiss_industrial_building.jpg,CC BY 4.0,unassigned,Artist Audriusa. Ground and neutral shorting bar. Not labeled as a missing component.
https://upload.wikimedia.org/wikipedia/commons/1/17/Weld-def-1.jpg,https://commons.wikimedia.org/wiki/File:Weld-def-1.jpg,CC BY-SA 3.0,unassigned,Artist Claudio Nardi. Welded plate distortion. Not a scratch dent porosity or crack call.
https://upload.wikimedia.org/wikipedia/commons/2/2e/Welding_processes_160303-F-OV732-016.jpg,https://commons.wikimedia.org/wiki/File:Welding_processes_160303-F-OV732-016.jpg,Public domain,unassigned,Airman Jenna Caldwell US Air Force photo of spatter removal. Spatter is not one of the seven classes. Commons LicenseShortName Public domain; API returned no license deed URL.
