url,source_page,license_note,target_class,notes
https://upload.wikimedia.org/wikipedia/commons/1/19/Cracks_in_weld.jpg,https://commons.wikimedia.org/wiki/File:Cracks_in_weld.jpg,CC0,weld_crack,Artist Zobac. Cracks along a weld bead. Reviewed 2026-10-08.
https://upload.wikimedia.org/wikipedia/commons/b/be/CRACKS_IN_WELDS_ON_VIGV_-_NARA_-_17471187.jpg,https://commons.wikimedia.org/wiki/File:CRACKS_IN_WELDS_ON_VIGV_-_NARA_-_17471187.jpg,Public domain,weld_crack,"NASA/NARA public-domain photo, 1979-06-06. Crack on a vane weld. The other two VIGV frames from the same day were not downloaded."
https://upload.wikimedia.org/wikipedia/commons/b/b5/Metal_Dented_Defect.jpg,https://commons.wikimedia.org/wiki/File:Metal_Dented_Defect.jpg,CC0,dent,Artist Encik Tekateki. Dents in metal bottles. Reviewed 2026-10-08.
https://upload.wikimedia.org/wikipedia/commons/e/e4/Dented_field_gates_-_geograph.org.uk_-_7648834.jpg,https://commons.wikimedia.org/wiki/File:Dented_field_gates_-_geograph.org.uk_-_7648834.jpg,CC BY-SA 2.0,dent,Artist Mr Ignavy. Dents in a metal farm gate.
https://upload.wikimedia.org/wikipedia/commons/0/06/Close_up_of_scratches_from_adjustable_spanner.jpg,https://commons.wikimedia.org/wiki/File:Close_up_of_scratches_from_adjustable_spanner.jpg,CC BY-SA 2.5,scratch,Artist Sam Wilson. Linear scratches on a steel bicycle pedal from an adjustable spanner.
https://upload.wikimedia.org/wikipedia/commons/7/7a/Rust_Pits_in_surface_of_Steel_Water_Pipe%28GN04592%29.jpg,https://commons.wikimedia.org/wiki/File:Rust_Pits_in_surface_of_Steel_Water_Pipe(GN04592).jpg,CC0,corrosion,"State Government Photographer, State Library of South Australia. Close view of rust pits on riveted steel water pipe. Wider frames GN04590A, GN04591, and GN04591A were not downloaded."
https://upload.wikimedia.org/wikipedia/commons/2/20/Badly_rusted_steel_pipes_-_presumably_at_McPhan-Ferguson%27s_Pipe_Factory_at_Port_Adelaide%28GN01224%29.jpg,https://commons.wikimedia.org/wiki/File:Badly_rusted_steel_pipes_-_presumably_at_McPhan-Ferguson's_Pipe_Factory_at_Port_Adelaide(GN01224).jpg,CC0,corrosion,State Government Photographer. Badly rusted steel pipes at a pipe works.
https://upload.wikimedia.org/wikipedia/commons/8/80/Corroded_Bolt.jpg,https://commons.wikimedia.org/wiki/File:Corroded_Bolt.jpg,CC BY-SA 4.0,corrosion,Artist Mbz2012. Corroded bolt and nut on a flange.
https://upload.wikimedia.org/wikipedia/commons/9/9e/Rusty_Bolts_on_Pipe_Flange.jpg,https://commons.wikimedia.org/wiki/File:Rusty_Bolts_on_Pipe_Flange.jpg,CC BY-SA 4.0,corrosion,Artist לקמוס. Rust on bolts of an outdoor pipe flange.
https://upload.wikimedia.org/wikipedia/commons/8/83/Corroded_pipe.jpg,https://commons.wikimedia.org/wiki/File:Corroded_pipe.jpg,Public domain,corrosion,Public domain. Heavily rusted metal pipe.
https://upload.wikimedia.org/wikipedia/commons/d/d1/Pitting_corrosion_on_duplex_stainless_steel_specimens.jpg,https://commons.wikimedia.org/wiki/File:Pitting_corrosion_on_duplex_stainless_steel_specimens.jpg,CC BY 4.0,corrosion,Pitting on duplex stainless steel lab coupons.
https://upload.wikimedia.org/wikipedia/commons/f/f0/Longfellow_Bridge%2C_Rusted_Steel_Beams%2C_September_26%2C_2014_%2815391814792%29.jpg,"https://commons.wikimedia.org/wiki/File:Longfellow_Bridge,_Rusted_Steel_Beams,_September_26,_2014_(15391814792).jpg",Public domain,corrosion,Rusted steel beams on the Longfellow Bridge.
https://upload.wikimedia.org/wikipedia/commons/0/06/Chittenden_Locks_-_old_pump_room_under_Administration_Building_17_-_pipe_sections_showing_corrosion.jpg,https://commons.wikimedia.org/wiki/File:Chittenden_Locks_-_old_pump_room_under_Administration_Building_17_-_pipe_sections_showing_corrosion.jpg,CC BY-SA 4.0,corrosion,Pipe sections with heavy corrosion in the Chittenden Locks pump room.
https://upload.wikimedia.org/wikipedia/commons/f/fa/Rust_Bolt.JPG,https://commons.wikimedia.org/wiki/File:Rust_Bolt.JPG,CC BY-SA 3.0,corrosion,Artist Thester11. A heavily rusted bolt.
https://upload.wikimedia.org/wikipedia/commons/8/8a/Rust_on_steel_beams_over_Walnut_Street_%2850816189121%29.png,https://commons.wikimedia.org/wiki/File:Rust_on_steel_beams_over_Walnut_Street_(50816189121).png,CC BY-SA 2.0,corrosion,Artist Ben Schumin. Rust on the underside of steel beams of a railroad bridge.
