filename,split,cluster_id,sha256,class_name,n_boxes
Badly_rusted_steel_pipes_-_presumably_at_McPhan-Ferguson_s_Pipe_Factory_at_Port_.jpg,test,0,b9c0d0d71c360a57ae37aeaa917f9fc6770fbad5a8ffe8b573802ed7d5dea661,corrosion,1
CRACKS_IN_WELDS_ON_VIGV_-_NARA_-_17471187.jpg,test,20,3deae77bb51324fd7afa0596857eda09ccc6094ab3d2ac4d58193aaf4e4bb95e,weld_crack,1
Corroded_Bolt.jpg,test,3,a7c4e8c2a70489a3c66834de2b804e8e4e85bca1755816f2d643cfcd57e9d716,corrosion,1
Chittenden_Locks_-_old_pump_room_under_Administration_Building_17_-_pipe_section.jpg,train,1,d8d2559e3a685384e3ef55d80189f76e2f1151aca559c2e48d786b445942fb05,corrosion,1
Clean_pump.jpg,train,2,1210671cfe4e973ea73a00e61d3ec5e1ba001bd222aae030cb4edec1247c16fb,corrosion,1
Close_up_of_scratches_from_adjustable_spanner.jpg,train,19,892d0100f9b05037827f80c9ead161f7bdf2541af5f19707974d227142235be4,scratch,1
Corroded_pipe.jpg,train,4,d8197ec0f27b14f833690b349a3a165e5134a00d738accaad4fb992101068715,corrosion,1
Cracks_in_weld.jpg,train,21,58e087f6d0a4ae16f0687068977d89ac93632244fba142044f06ed26f470dc15,weld_crack,1
Filiform_corrosion.jpg,train,5,91f4e80e421adb85f04414ddaa4012a9c43ca71e2285e786676a31d6da1da6b1,corrosion,1
Filiform_corrosion_on_painted_aluminum.jpg,train,6,5e5e1c214fa3f22439b5357cc00b1c8be5942b520b0ed044a6d3975317170ed3,corrosion,1
Metal_Dented_Defect.jpg,train,18,fc4a6d5208ec768f36e3b67a9de0f26d42431171fc77b8e4537b78b7fa6f2964,dent,2
Pewter_plate_with_corrosion.jpg,train,9,4f615219dc146f92d483343e385401ea9e33570a972638a13d4a92e208be5f9e,corrosion,1
Pitting_corrosion_on_duplex_stainless_steel_specimens.jpg,train,10,81e9a5c722b339eb01996a3d7952561ab2a0e93b9d3e267aece2dd21ef3dc4a3,corrosion,2
Rust_Bolt.jpg,train,11,90afcda71bac7b8524d628c93162c23350a25cb72a8e3199490098c777b69ecc,corrosion,1
Rust_Pits_in_surface_of_Steel_Water_Pipe_GN04592.jpg,train,12,4a839af82b1c8538a252a7bc63091bd0c8f8cfb5d3dd789a79d82a6d7e2ea5d5,corrosion,1
Rust_on_steel_beams_over_Walnut_Street__50816189121.png,train,13,eb1f7c287af46655061304014ad99bf93688fcc8e826aac3f0c60dc5847a3b72,corrosion,1
Rusty_Bolts_on_Pipe_Flange.jpg,train,14,643228cce6d3ce0c5e5f617f4882b1e5e9a91dacead75e095f6910215b9d431d,corrosion,1
Rusty_steel_plate.jpg,train,15,aab2161f503c2259eeb97e08e60175b88134709a08c44106a94271b9a2799cc8,corrosion,1
Swelling_of_Iron_nails_due_to_rusting.jpg,train,16,b7044cbdfcc7f31599348830e5bc9b24cce5ade6f3dd076c9ebd0797b9ec0f51,corrosion,1
Dented_field_gates_-_geograph.org.uk_-_7648834.jpg,val,17,35157e3064ad3bdea9a99b86ce99594a409b066a2c663375d9aba309a8e59fb1,dent,2
Longfellow_Bridge__Rusted_Steel_Beams__September_26__2014__15391814792.jpg,val,7,2b4708116490072fc157bbd27e2655300380659046c930fd8a52beb359ed8358,corrosion,1
Owalla_Dam_rusted_valve_winch_mechanism_closeup_Osun.jpg,val,8,e012f3cdea0407050ca40ef0f2374f5cfef9338aa74a59c02184ef195e9a5737,corrosion,1
