relative_path,class_name,filename,sha256,dhash,width,height,status,reason
corrosion/Clean_pump.jpg,corrosion,Clean_pump.jpg,1210671cfe4e973ea73a00e61d3ec5e1ba001bd222aae030cb4edec1247c16fb,d8cd96aaaab2a6ac,2592,1944,ok,
corrosion/Filiform_corrosion.jpg,corrosion,Filiform_corrosion.jpg,91f4e80e421adb85f04414ddaa4012a9c43ca71e2285e786676a31d6da1da6b1,01090349d9793119,4160,3120,ok,
corrosion/Filiform_corrosion_on_painted_aluminum.jpg,corrosion,Filiform_corrosion_on_painted_aluminum.jpg,5e5e1c214fa3f22439b5357cc00b1c8be5942b520b0ed044a6d3975317170ed3,001ffc00000000c0,6000,4000,ok,
corrosion/Owalla_Dam_rusted_valve_winch_mechanism_closeup_Osun.jpg,corrosion,Owalla_Dam_rusted_valve_winch_mechanism_closeup_Osun.jpg,e012f3cdea0407050ca40ef0f2374f5cfef9338aa74a59c02184ef195e9a5737,4e321e5918d959cf,4284,5712,ok,
corrosion/Pewter_plate_with_corrosion.jpg,corrosion,Pewter_plate_with_corrosion.jpg,4f615219dc146f92d483343e385401ea9e33570a972638a13d4a92e208be5f9e,8d0f565bd94f4ebe,4297,2951,ok,
corrosion/Rusty_steel_plate.jpg,corrosion,Rusty_steel_plate.jpg,aab2161f503c2259eeb97e08e60175b88134709a08c44106a94271b9a2799cc8,c800104046472733,4000,3000,ok,
corrosion/Swelling_of_Iron_nails_due_to_rusting.jpg,corrosion,Swelling_of_Iron_nails_due_to_rusting.jpg,b7044cbdfcc7f31599348830e5bc9b24cce5ade6f3dd076c9ebd0797b9ec0f51,c0e5514d4860c184,3120,4160,ok,
unassigned/2500A_copper_busbars_in_motor_control_panel.jpg,unassigned,2500A_copper_busbars_in_motor_control_panel.jpg,43813527c50c995a32dd70a084c9c670a0830a94170c961df54e6ebb06f136bb,99494347030b0b1b,2236,3976,ok,
unassigned/4.16kV_switchgear.jpg,unassigned,4.16kV_switchgear.jpg,8ca15d96a97b687773aa5f1a4264177aabefb0b67e95d193ba149f72cdfb7017,701c4c555bcbe3f2,2048,1536,ok,
unassigned/Electrical_panel_in_Swiss_industrial_building.jpg,unassigned,Electrical_panel_in_Swiss_industrial_building.jpg,10d1a806fd003ed3f2dbf7291570103548ef2aa061fecdf6a722d976191cf449,adc54949646d7175,2624,2848,ok,
unassigned/Weld-def-1.jpg,unassigned,Weld-def-1.jpg,fba487cd7f137359558327d101b3bfd1af1caedad7ac8e3a17e5ed8e1b3efdb8,f0f071737272f0e0,2396,1691,ok,
unassigned/Welding_processes_160303-F-OV732-016.jpg,unassigned,Welding_processes_160303-F-OV732-016.jpg,ff9fa1e47fef5c1aabaacae1aa122522b09154b700e998ec6d9e6641d61594f1,b2b6a6c7d9f1b270,4256,2832,ok,
